pre,post_1,post_2,start,end,,
1011101,1011102,-1,0,10,,
1011102,1011103,-1,11,20,,
1011103,1011104,-1,21,40,,
1011104,1011105,-1,41,60,,
1011105,1011106,-1,61,100,,
1011106,-1,-1,101,999999999,,
1011201,1011202,-1,0,10,,
1011202,1011203,-1,11,20,,
1011203,1011204,-1,21,40,,
1011204,1011205,-1,41,60,,
1011205,1011206,-1,61,100,,
1011206,-1,-1,101,999999999,,
1011301,1011302,-1,0,10,,
1011302,1011303,-1,11,20,,
1011303,1011304,-1,21,40,,
1011304,1011305,-1,41,60,,
1011305,1011306,-1,61,100,,
1011306,-1,-1,101,999999999,,
1012101,1012102,-1,0,10,,
1012102,1012103,-1,11,20,,
1012103,1012104,-1,21,40,,
1012104,1012105,-1,41,60,,
1012105,1012106,-1,61,100,,
1012106,-1,-1,101,999999999,,
1012201,1012202,-1,0,10,,
1012202,1012203,-1,11,20,,
1012203,1012204,-1,21,40,,
1012204,1012205,-1,41,60,,
1012205,1012206,-1,61,100,,
1012206,-1,-1,101,999999999,,
1012301,1012302,-1,0,10,,
1012302,1012303,-1,11,20,,
1012303,1012304,-1,21,40,,
1012304,1012305,-1,41,60,,
1012305,1012306,-1,61,100,,
1012306,-1,-1,101,999999999,,
1012401,1012402,-1,0,10,,
1012402,1012403,-1,11,20,,
1012403,1012404,-1,21,40,,
1012404,1012405,-1,41,60,,
1012405,1012406,-1,61,100,,
1012406,-1,-1,101,999999999,,
1013101,1013102,-1,0,10,,
1013102,1013103,-1,11,20,,
1013103,1013104,-1,21,40,,
1013104,1013105,-1,41,60,,
1013105,1013106,-1,61,100,,
1013106,-1,-1,101,999999999,,
1013201,1013202,-1,0,10,,
1013202,1013203,-1,11,20,,
1013203,1013204,-1,21,40,,
1013204,1013205,-1,41,60,,
1013205,1013206,-1,61,100,,
1013206,-1,-1,101,999999999,,
1013301,1013302,-1,0,10,,
1013302,1013303,-1,11,20,,
1013303,1013304,-1,21,40,,
1013304,1013305,-1,41,60,,
1013305,1013306,-1,61,100,,
1013306,-1,-1,101,999999999,,
1013401,1013402,-1,0,10,,
1013402,1013403,-1,11,20,,
1013403,1013404,-1,21,40,,
1013404,1013405,-1,41,60,,
1013405,1013406,-1,61,100,,
1013406,-1,-1,101,999999999,,
1014101,1014102,-1,0,10,,
1014102,1014103,-1,11,20,,
1014103,1014104,-1,21,40,,
1014104,1014105,-1,41,60,,
1014105,1014106,-1,61,100,,
1014106,-1,-1,101,999999999,,
1014201,1014202,-1,0,10,,
1014202,1014203,-1,11,20,,
1014203,1014204,-1,21,40,,
1014204,1014205,-1,41,60,,
1014205,1014206,-1,61,100,,
1014206,-1,-1,101,999999999,,
1014301,1014302,-1,0,10,,
1014302,1014303,-1,11,20,,
1014303,1014304,-1,21,40,,
1014304,1014305,-1,41,60,,
1014305,1014306,-1,61,100,,
1014306,-1,-1,101,999999999,,
1014401,1014402,-1,0,10,,
1014402,1014403,-1,11,20,,
1014403,1014404,-1,21,40,,
1014404,1014405,-1,41,60,,
1014405,1014406,-1,61,100,,
1014406,-1,-1,101,999999999,,
1015101,1015102,-1,0,10,,
1015102,1015103,-1,11,20,,
1015103,1015104,-1,21,40,,
1015104,1011105,-1,41,60,,
1015201,1015202,-1,0,10,,
1015202,1015203,-1,11,20,,
1015203,1015204,-1,21,40,,
1015204,1011205,-1,41,60,,
1015301,1015302,-1,0,10,,
1015302,1015303,-1,11,20,,
1015303,1015304,-1,21,40,,
1015304,1011305,-1,41,60,,
1015401,1015402,-1,0,10,,
1015402,1015403,-1,11,20,,
1015403,1015404,-1,21,40,,
1015404,1031405,1051405,41,60,,
1016101,1016102,-1,0,10,,
1016102,1011103,-1,11,20,,
1016103,1016104,-1,21,40,,
1016104,1011105,-1,41,60,,
1016201,1016202,-1,0,10,,
1016202,1016203,-1,11,20,,
1016203,1016204,-1,21,40,,
1016204,1011205,-1,41,60,,
1016301,1016302,-1,0,10,,
1016302,1016303,-1,11,20,,
1016303,1016304,-1,21,40,,
1016304,1011305,-1,41,60,,
1016401,1016402,-1,0,10,,
1016402,1016403,-1,11,20,,
1016403,1016404,-1,21,40,,
1016404,1031405,-1,41,60,,
1017101,1017102,-1,0,10,,
1017102,1011103,-1,11,20,,
1017103,1017104,-1,21,40,,
1017104,1011105,-1,41,60,,
1017201,1017202,-1,0,10,,
1017202,1011203,-1,11,20,,
1017203,1017204,-1,21,40,,
1017204,1011205,-1,41,60,,
1017301,1017302,-1,0,10,,
1017302,1017303,-1,11,20,,
1017303,1017304,-1,21,40,,
1017304,1011305,-1,41,60,,
1017401,1017402,-1,0,10,,
1017402,1017403,-1,11,20,,
1017403,1017404,-1,21,40,,
1017404,1031405,1051405,41,60,,
1018101,1018102,-1,0,10,,
1018102,1011103,-1,11,20,,
1018103,1018104,-1,21,40,,
1018104,1011105,-1,41,60,,
1018201,1018202,-1,0,10,,
1018202,1011203,-1,11,20,,
1018203,1018204,-1,21,40,,
1018204,1011205,-1,41,60,,
1018301,1018302,-1,0,10,,
1018302,1018303,-1,11,20,,
1018303,1018304,-1,21,40,,
1018304,1011305,-1,41,60,,
1018401,1018402,-1,0,10,,
1018402,1018403,-1,11,20,,
1018403,1018404,-1,21,40,,
1018404,1031405,1051405,41,60,,
1031401,1031402,-1,0,10,,
1031402,1031403,-1,11,20,,
1031403,1031404,-1,21,40,,
1031404,1031405,-1,41,60,,
1031405,1031406,-1,61,100,,
1031406,-1,-1,101,999999999,,
1032101,1032102,-1,0,10,,
1032102,1032103,-1,11,20,,
1032103,1032104,-1,21,40,,
1032104,1032105,-1,41,60,,
1032105,1032106,-1,61,100,,
1032106,-1,-1,101,999999999,,
1032201,1032202,-1,0,10,,
1032202,1032203,-1,11,20,,
1032203,1032204,-1,21,40,,
1032204,1032205,-1,41,60,,
1032205,1032206,-1,61,100,,
1032206,-1,-1,101,999999999,,
1032301,1032302,-1,0,10,,
1032302,1032303,-1,11,20,,
1032303,1032304,-1,21,40,,
1032304,1032305,-1,41,60,,
1032305,1032306,-1,61,100,,
1032306,-1,-1,101,999999999,,
1032401,1032402,-1,0,10,,
1032402,1032403,-1,11,20,,
1032403,1032404,-1,21,40,,
1032404,1032405,-1,41,60,,
1032405,1032406,-1,61,100,,
1032406,-1,-1,101,999999999,,
1033101,1033102,-1,0,10,,
1033102,1033103,-1,11,20,,
1033103,1033104,-1,21,40,,
1033104,1033105,-1,41,60,,
1033105,1033106,-1,61,100,,
1033106,-1,-1,101,999999999,,
1033201,1033202,-1,0,10,,
1033202,1033203,-1,11,20,,
1033203,1033204,-1,21,40,,
1033204,1033205,-1,41,60,,
1033205,1033206,-1,61,100,,
1033206,-1,-1,101,999999999,,
1033301,1033302,-1,0,10,,
1033302,1033303,-1,11,20,,
1033303,1033304,-1,21,40,,
1033304,1033305,-1,41,60,,
1033305,1033306,-1,61,100,,
1033306,-1,-1,101,999999999,,
1033401,1033402,-1,0,10,,
1033402,1033403,-1,11,20,,
1033403,1033404,-1,21,40,,
1033404,1033405,-1,41,60,,
1033405,1033406,-1,61,100,,
1033406,-1,-1,101,999999999,,
1034101,1034102,-1,0,10,,
1034102,1034103,-1,11,20,,
1034103,1034104,-1,21,40,,
1034104,1034105,-1,41,60,,
1034105,1034106,-1,61,100,,
1034106,-1,-1,101,999999999,,
1034201,1034202,-1,0,10,,
1034202,1034203,-1,11,20,,
1034203,1034204,-1,21,40,,
1034204,1034205,-1,41,60,,
1034205,1034206,-1,61,100,,
1034206,-1,-1,101,999999999,,
1034301,1034302,-1,0,10,,
1034302,1034303,-1,11,20,,
1034303,1034304,-1,21,40,,
1034304,1034305,-1,41,60,,
1034305,1034306,-1,61,100,,
1034306,-1,-1,101,999999999,,
1034401,1034402,-1,0,10,,
1034402,1034403,-1,11,20,,
1034403,1034404,-1,21,40,,
1034404,1034405,-1,41,60,,
1034405,1034406,-1,61,100,,
1034406,-1,-1,101,999999999,,
1051401,1051402,-1,0,10,,
1051402,1051403,-1,11,20,,
1051403,1051404,-1,21,40,,
1051404,1051405,-1,41,60,,
1051405,1051406,-1,61,100,,
1051406,-1,-1,101,999999999,,
1052101,1052102,-1,0,10,,
1052102,1052103,-1,11,20,,
1052103,1052104,-1,21,40,,
1052104,1052105,-1,41,60,,
1052105,1052106,-1,61,100,,
1052106,-1,-1,101,999999999,,
1052201,1052202,-1,0,10,,
1052202,1052203,-1,11,20,,
1052203,1052204,-1,21,40,,
1052204,1052205,-1,41,60,,
1052205,1052206,-1,61,100,,
1052206,-1,-1,101,999999999,,
1052301,1052302,-1,0,10,,
1052302,1052303,-1,11,20,,
1052303,1052304,-1,21,40,,
1052304,1052305,-1,41,60,,
1052305,1052306,-1,61,100,,
1052306,-1,-1,101,999999999,,
1052401,1052402,-1,0,10,,
1052402,1052403,-1,11,20,,
1052403,1052404,-1,21,40,,
1052404,1052405,-1,41,60,,
1052405,1052406,-1,61,100,,
1052406,-1,-1,101,999999999,,
1053101,1053102,-1,0,10,,
1053102,1053103,-1,11,20,,
1053103,1053104,-1,21,40,,
1053104,1053105,-1,41,60,,
1053105,1053106,-1,61,100,,
1053106,-1,-1,101,999999999,,
1053201,1053202,-1,0,10,,
1053202,1053203,-1,11,20,,
1053203,1053204,-1,21,40,,
1053204,1053205,-1,41,60,,
1053205,1053206,-1,61,100,,
1053206,-1,-1,101,999999999,,
1053301,1053302,-1,0,10,,
1053302,1053303,-1,11,20,,
1053303,1053304,-1,21,40,,
1053304,1053305,-1,41,60,,
1053305,1053306,-1,61,100,,
1053306,-1,-1,101,999999999,,
1053401,1053402,-1,0,10,,
1053402,1053403,-1,11,20,,
1053403,1053404,-1,21,40,,
1053404,1053405,-1,41,60,,
1053405,1053406,-1,61,100,,
1053406,-1,-1,101,999999999,,
1054101,1054102,-1,0,10,,
1054102,1054103,-1,11,20,,
1054103,1054104,-1,21,40,,
1054104,1054105,-1,41,60,,
1054105,1054106,-1,61,100,,
1054106,-1,-1,101,999999999,,
1054201,1054202,-1,0,10,,
1054202,1054203,-1,11,20,,
1054203,1054204,-1,21,40,,
1054204,1054205,-1,41,60,,
1054205,1054206,-1,61,100,,
1054206,-1,-1,101,999999999,,
1054301,1054302,-1,0,10,,
1054302,1054303,-1,11,20,,
1054303,1054304,-1,21,40,,
1054304,1054305,-1,41,60,,
1054305,1054306,-1,61,100,,
1054306,-1,-1,101,999999999,,
1054401,1054402,-1,0,10,,
1054402,1054403,-1,11,20,,
1054403,1054404,-1,21,40,,
1054404,1054405,-1,41,60,,
1054405,1054406,-1,61,100,,
1054406,-1,-1,101,999999999,,
1061401,-1,-1,0,999999999,,
1069000,-1,-1,0,999999999,,
1071401,-1,-1,0,999999999,,
2011101,2011102,-1,0,10,,
2011102,2011103,-1,11,20,,
2011103,2011104,-1,21,40,,
2011104,2011105,-1,41,60,,
2011105,2011106,-1,61,100,,
2011106,-1,-1,101,999999999,,
2011201,2011202,-1,0,10,,
2011202,2011203,-1,11,20,,
2011203,2011204,-1,21,40,,
2011204,2011205,-1,41,60,,
2011205,2011206,-1,61,100,,
2011206,-1,-1,101,999999999,,
2011301,2011302,1051402,0,10,,
2011302,2011303,1051403,11,20,,
2011303,2011304,1051404,21,40,,
2011304,2011305,1051405,41,60,,
2011305,2011306,1051406,61,100,,
2011306,-1,-1,101,999999999,,
2012101,2012102,-1,0,10,,
2012102,2012103,-1,11,20,,
2012103,2012104,-1,21,40,,
2012104,2012105,-1,41,60,,
2012105,2012106,-1,61,100,,
2012106,-1,-1,101,999999999,,
2012201,2012202,-1,0,10,,
2012202,2012203,-1,11,20,,
2012203,2012204,-1,21,40,,
2012204,2012205,-1,41,60,,
2012205,2012206,-1,61,100,,
2012206,-1,-1,101,999999999,,
2012301,2012302,-1,0,10,,
2012302,2012303,-1,11,20,,
2012303,2012304,-1,21,40,,
2012304,2012305,-1,41,60,,
2012305,2012306,-1,61,100,,
2012306,-1,-1,101,999999999,,
2012401,2012402,-1,0,10,,
2012402,2012403,-1,11,20,,
2012403,2012404,-1,21,40,,
2012404,2012405,-1,41,60,,
2012405,2012406,-1,61,100,,
2012406,-1,-1,101,999999999,,
2013101,2013102,-1,0,10,,
2013102,2013103,-1,11,20,,
2013103,2013104,-1,21,40,,
2013104,2013105,-1,41,60,,
2013105,2013106,-1,61,100,,
2013106,-1,-1,101,999999999,,
2013201,2013202,-1,0,10,,
2013202,2013203,-1,11,20,,
2013203,2013204,-1,21,40,,
2013204,2013205,-1,41,60,,
2013205,2013206,-1,61,100,,
2013206,-1,-1,101,999999999,,
2013301,2013302,-1,0,10,,
2013302,2013303,-1,11,20,,
2013303,2013304,-1,21,40,,
2013304,2013305,-1,41,60,,
2013305,2013306,-1,61,100,,
2013306,-1,-1,101,999999999,,
2013401,2013402,-1,0,10,,
2013402,2013403,-1,11,20,,
2013403,2013404,-1,21,40,,
2013404,2013405,-1,41,60,,
2013405,2013406,-1,61,100,,
2013406,-1,-1,101,999999999,,
2014101,2014102,-1,0,10,,
2014102,2014103,-1,11,20,,
2014103,2014104,-1,21,40,,
2014104,2014105,-1,41,60,,
2014105,2014106,-1,61,100,,
2014106,-1,-1,101,999999999,,
2014201,2014202,-1,0,10,,
2014202,2014203,-1,11,20,,
2014203,2014204,-1,21,40,,
2014204,2014205,-1,41,60,,
2014205,2014206,-1,61,100,,
2014206,-1,-1,101,999999999,,
2014301,2014302,-1,0,10,,
2014302,2014303,-1,11,20,,
2014303,2014304,-1,21,40,,
2014304,2014305,-1,41,60,,
2014305,2014306,-1,61,100,,
2014306,-1,-1,101,999999999,,
2014401,2014402,-1,0,10,,
2014402,2014403,-1,11,20,,
2014403,2014404,-1,21,40,,
2014404,2014405,-1,41,60,,
2014405,2014406,-1,61,100,,
2014406,-1,-1,101,999999999,,
2015101,2015102,-1,0,10,,
2015102,2015103,-1,11,20,,
2015103,2015104,-1,21,40,,
2015104,2011105,-1,41,60,,
2015201,2015202,-1,0,10,,
2015202,2015203,-1,11,20,,
2015203,2015204,-1,21,40,,
2015204,2011205,-1,41,60,,
2015301,2015302,-1,0,10,,
2015302,2015303,-1,11,20,,
2015303,2015304,-1,21,40,,
2015304,2011305,-1,41,60,,
2015401,2015402,-1,0,10,,
2015402,2015403,-1,11,20,,
2015403,2015404,-1,21,40,,
2015404,1051405,2031405,41,60,,
2016101,2016102,-1,0,10,,
2016102,2016103,-1,11,20,,
2016103,2016104,-1,21,40,,
2016104,2011105,-1,41,60,,
2016201,2016202,-1,0,10,,
2016202,2016203,-1,11,20,,
2016203,2016204,-1,21,40,,
2016204,2011205,-1,41,60,,
2016301,2016302,-1,0,10,,
2016302,2016303,-1,11,20,,
2016303,2016304,-1,21,40,,
2016304,2011305,-1,41,60,,
2016401,2016402,-1,0,10,,
2016402,2016403,-1,11,20,,
2016403,2016404,-1,21,40,,
2016404,1051405,2031405,41,60,,
2017101,2017102,-1,0,10,,
2017102,2011103,-1,11,20,,
2017103,2017104,-1,21,40,2017101,2017102
2017104,2011105,-1,41,60,2017102,2011103
2017201,2017202,-1,0,10,,
2017202,2011203,-1,11,20,,
2017203,2017204,-1,21,40,2017201,2017202
2017204,2011205,-1,41,60,2017202,2011203
2017301,2017302,-1,11,20,,
2017302,2017303,-1,0,10,,
2017303,2017304,-1,21,40,,
2017304,2011305,-1,41,60,,
2017401,2017402,-1,0,10,,
2017402,2017403,-1,11,20,,
2017403,2017404,-1,21,40,,
2017404,1051405,2031405,41,60,,
2018101,2018102,-1,0,10,,
2018102,2011103,-1,11,20,,
2018103,2018104,-1,21,40,,
2018104,2011105,-1,41,60,,
2018201,2018202,-1,0,10,,
2018202,2011203,-1,11,20,,
2018203,2018204,-1,21,40,,
2018204,2011205,-1,41,60,,
2018301,2018302,-1,0,10,,
2018302,2018303,-1,11,20,,
2018303,2018304,-1,21,40,,
2018304,2011305,-1,41,60,,
2018401,2018402,-1,0,10,,
2018402,2018403,-1,11,20,,
2018403,2018404,-1,21,40,,
2018404,1051405,2031405,41,60,,
2031401,2031402,-1,0,10,,
2031402,2031403,-1,11,20,,
2031403,2031404,-1,21,40,,
2031404,2031405,-1,41,60,,
2031405,2031406,-1,61,100,,
2031406,-1,-1,101,999999999,,
2032101,2032102,-1,0,10,,
2032102,2032103,-1,11,20,,
2032103,2032104,-1,21,40,,
2032104,2032105,-1,41,60,,
2032105,2032106,-1,61,100,,
2032106,-1,-1,101,999999999,,
2032201,2032202,-1,0,10,,
2032202,2032203,-1,11,20,,
2032203,2032204,-1,21,40,,
2032204,2032205,-1,41,60,,
2032205,2032206,-1,61,100,,
2032206,-1,-1,101,999999999,,
2032301,2032302,-1,0,10,,
2032302,2032303,-1,11,20,,
2032303,2032304,-1,21,40,,
2032304,2032305,-1,41,60,,
2032305,2032306,-1,61,100,,
2032306,-1,-1,101,999999999,,
2032401,2032402,-1,0,10,,
2032402,2032403,-1,11,20,,
2032403,2032404,-1,21,40,,
2032404,2032405,-1,41,60,,
2032405,2032406,-1,61,100,,
2032406,-1,-1,101,999999999,,
2033101,2033102,-1,0,10,,
2033102,2033103,-1,11,20,,
2033103,2033104,-1,21,40,,
2033104,2033105,-1,41,60,,
2033105,2033106,-1,61,100,,
2033106,-1,-1,101,999999999,,
2033201,2033202,-1,0,10,,
2033202,2033203,-1,11,20,,
2033203,2033204,-1,21,40,,
2033204,2033205,-1,41,60,,
2033205,2033206,-1,61,100,,
2033206,-1,-1,101,999999999,,
2033301,2033302,-1,0,10,,
2033302,2033303,-1,11,20,,
2033303,2033304,-1,21,40,,
2033304,2033305,-1,41,60,,
2033305,2033306,-1,61,100,,
2033306,-1,-1,101,999999999,,
2033401,2033402,-1,0,10,,
2033402,2033403,-1,11,20,,
2033403,2033404,-1,21,40,,
2033404,2033405,-1,41,60,,
2033405,2033406,-1,61,100,,
2033406,-1,-1,101,999999999,,
2034101,2034102,-1,0,10,,
2034102,2034103,-1,11,20,,
2034103,2034104,-1,21,40,,
2034104,2034105,-1,41,60,,
2034105,2034106,-1,61,100,,
2034106,-1,-1,101,999999999,,
2034201,2034202,-1,0,10,,
2034202,2034203,-1,11,20,,
2034203,2034204,-1,21,40,,
2034204,2034205,-1,41,60,,
2034205,2034206,-1,61,100,,
2034206,-1,-1,101,999999999,,
2034301,2034302,-1,0,10,,
2034302,2034303,-1,11,20,,
2034303,2034304,-1,21,40,,
2034304,2034305,-1,41,60,,
2034305,2034306,-1,61,100,,
2034306,-1,-1,101,999999999,,
2034401,2034402,-1,0,10,,
2034402,2034403,-1,11,20,,
2034403,2034404,-1,21,40,,
2034404,2034405,-1,41,60,,
2034405,2034406,-1,61,100,,
2034406,-1,-1,101,999999999,,
3011101,3011102,-1,0,10,,
3011102,3011103,-1,11,20,,
3011103,3011104,-1,21,40,,
3011104,3011105,-1,41,60,,
3011105,3011106,-1,61,100,,
3011106,-1,-1,101,999999999,,
3011201,3011202,-1,0,10,,
3011202,3011203,-1,11,20,,
3011203,3011204,-1,21,40,,
3011204,3011205,-1,41,60,,
3011205,3011206,-1,61,100,,
3011206,-1,-1,101,999999999,,
3011301,3011302,-1,0,10,,
3011302,3011303,-1,11,20,,
3011303,3011304,-1,21,40,,
3011304,3011305,-1,41,60,,
3011305,3011306,-1,61,100,,
3011306,-1,-1,101,999999999,,
3012101,3012102,-1,0,10,,
3012102,3012103,-1,11,20,,
3012103,3012104,-1,21,40,,
3012104,3012105,-1,41,60,,
3012105,3012106,-1,61,100,,
3012106,-1,-1,101,999999999,,
3012201,3012202,-1,0,10,,
3012202,3012203,-1,11,20,,
3012203,3012204,-1,21,40,,
3012204,3012205,-1,41,60,,
3012205,3012206,-1,61,100,,
3012206,-1,-1,101,999999999,,
3012301,3012302,-1,0,10,,
3012302,3012303,-1,11,20,,
3012303,3012304,-1,21,40,,
3012304,3012305,-1,41,60,,
3012305,3012306,-1,61,100,,
3012306,-1,-1,101,999999999,,
3012401,3012402,-1,0,10,,
3012402,3012403,-1,11,20,,
3012403,3012404,-1,21,40,,
3012404,3012405,-1,41,60,,
3012405,3012406,-1,61,100,,
3012406,-1,-1,101,999999999,,
3013101,3013102,-1,0,10,,
3013102,3013103,-1,11,20,,
3013103,3013104,-1,21,40,,
3013104,3013105,-1,41,60,,
3013105,3013106,-1,61,100,,
3013106,-1,-1,101,999999999,,
3013201,3013202,-1,0,10,,
3013202,3013203,-1,11,20,,
3013203,3013204,-1,21,40,,
3013204,3013205,-1,41,60,,
3013205,3013206,-1,61,100,,
3013206,-1,-1,101,999999999,,
3013301,3013302,-1,0,10,,
3013302,3013303,-1,11,20,,
3013303,3013304,-1,21,40,,
3013304,3013305,-1,41,60,,
3013305,3013306,-1,61,100,,
3013306,-1,-1,101,999999999,,
3013401,3013402,-1,0,10,,
3013402,3013403,-1,11,20,,
3013403,3013404,-1,21,40,,
3013404,3013405,-1,41,60,,
3013405,3013406,-1,61,100,,
3013406,-1,-1,101,999999999,,
3014101,3014102,-1,0,10,,
3014102,3014103,-1,11,20,,
3014103,3014104,-1,21,40,,
3014104,3014105,-1,41,60,,
3014105,3014106,-1,61,100,,
3014106,-1,-1,101,999999999,,
3014201,3014202,-1,0,10,,
3014202,3014203,-1,11,20,,
3014203,3014204,-1,21,40,,
3014204,3014205,-1,41,60,,
3014205,3014206,-1,61,100,,
3014206,-1,-1,101,999999999,,
3014301,3014302,-1,0,10,,
3014302,3014303,-1,11,20,,
3014303,3014304,-1,21,40,,
3014304,3014305,-1,41,60,,
3014305,3014306,-1,61,100,,
3014306,-1,-1,101,999999999,,
3014401,3014402,-1,0,10,,
3014402,3014403,-1,11,20,,
3014403,3014404,-1,21,40,,
3014404,3014405,-1,41,60,,
3014405,3014406,-1,61,100,,
3014406,-1,-1,101,999999999,,
3015103,3015104,-1,21,40,,
3015104,3011105,-1,41,60,,
3015203,3015204,-1,21,40,,
3015204,3011205,-1,41,60,,
3015302,3015303,-1,11,20,,
3015303,3015304,-1,21,40,,
3015304,3011305,-1,41,60,,
3015401,3015402,-1,0,10,,
3015402,3015403,-1,11,20,,
3015403,3015404,-1,21,40,,
3015404,3021405,-1,41,60,,
3016101,3016102,-1,0,10,,
3016102,3011103,-1,11,20,,
3016103,3016104,-1,21,40,,
3016104,3011105,-1,41,60,,
3016201,3016202,-1,0,10,,
3016202,3016203,-1,11,20,,
3016203,3016204,-1,21,40,,
3016204,3011205,-1,41,60,,
3016301,3016302,-1,0,10,,
3016302,3016303,-1,11,20,,
3016303,3016304,-1,21,40,,
3016304,3011305,-1,41,60,,
3016401,3016402,-1,0,10,,
3016402,3016403,-1,11,20,,
3016403,3016404,-1,21,40,,
3016404,3021405,-1,41,60,,
3017101,3017102,-1,0,10,,
3017102,3011103,-1,11,20,,
3017103,3017104,-1,21,40,,
3017104,3011105,-1,41,60,,
3017201,3017202,-1,0,10,,
3017202,3011203,-1,11,20,,
3017203,3017204,-1,21,40,,
3017204,3011205,-1,41,60,,
3017301,3017302,-1,0,10,,
3017302,3017303,-1,11,20,,
3017303,3017304,-1,21,40,,
3017304,3011305,-1,41,60,,
3017401,3017402,-1,0,10,,
3017402,3017403,-1,11,20,,
3017403,3017404,-1,21,40,,
3017404,3021405,-1,41,60,,
3018101,3018102,-1,0,10,,
3018102,3011103,-1,11,20,,
3018103,3018104,-1,21,40,,
3018104,3011105,-1,41,60,,
3018201,3018202,-1,0,10,,
3018202,3011203,-1,11,20,,
3018203,3018204,-1,21,40,,
3018204,3011205,-1,41,60,,
3018301,3018302,-1,0,10,,
3018302,3018303,-1,11,20,,
3018303,3018304,-1,21,40,,
3018304,3011305,-1,41,60,,
3018401,3018402,-1,0,10,,
3018402,3018403,-1,11,20,,
3018403,3018404,-1,21,40,,
3018404,3021405,-1,41,60,,
3021401,3021402,-1,0,10,,
3021402,3021403,-1,11,20,,
3021403,3021404,-1,21,40,,
3021404,3021405,-1,41,60,,
3021405,3021406,-1,61,100,,
3021406,-1,-1,101,999999999,,
3022101,3022102,-1,0,10,,
3022102,3022103,-1,11,20,,
3022103,3022104,-1,21,40,,
3022104,3022105,-1,41,60,,
3022105,3022106,-1,61,100,,
3022106,-1,-1,101,999999999,,
3022201,3022202,-1,0,10,,
3022202,3022203,-1,11,20,,
3022203,3022204,-1,21,40,,
3022204,3022205,-1,41,60,,
3022205,3022206,-1,61,100,,
3022206,-1,-1,101,999999999,,
3022301,3022302,-1,0,10,,
3022302,3022303,-1,11,20,,
3022303,3022304,-1,21,40,,
3022304,3022305,-1,41,60,,
3022305,3022306,-1,61,100,,
3022306,-1,-1,101,999999999,,
3022401,3022402,-1,0,10,,
3022402,3022403,-1,11,20,,
3022403,3022404,-1,21,40,,
3022404,3022405,-1,41,60,,
3022405,3022406,-1,61,100,,
3022406,-1,-1,101,999999999,,
3023101,3023102,-1,0,10,,
3023102,3023103,-1,11,20,,
3023103,3023104,-1,21,40,,
3023104,3023105,-1,41,60,,
3023105,3023106,-1,61,100,,
3023106,-1,-1,101,999999999,,
3023201,3023202,-1,0,10,,
3023202,3023203,-1,11,20,,
3023203,3023204,-1,21,40,,
3023204,3023205,-1,41,60,,
3023205,3023206,-1,61,100,,
3023206,-1,-1,101,999999999,,
3023301,3023302,-1,0,10,,
3023302,3023303,-1,11,20,,
3023303,3023304,-1,21,40,,
3023304,3023305,-1,41,60,,
3023305,3023306,-1,61,100,,
3023306,-1,-1,101,999999999,,
3023401,3023402,-1,0,10,,
3023402,3023403,-1,11,20,,
3023403,3023404,-1,21,40,,
3023404,3023405,-1,41,60,,
3023405,3023406,-1,61,100,,
3023406,-1,-1,101,999999999,,
3024101,3024102,-1,0,10,,
3024102,3024103,-1,11,20,,
3024103,3024104,-1,21,40,,
3024104,3024105,-1,41,60,,
3024105,3024106,-1,61,100,,
3024106,-1,-1,101,999999999,,
3024201,3024202,-1,0,10,,
3024202,3024203,-1,11,20,,
3024203,3024204,-1,21,40,,
3024204,3024205,-1,41,60,,
3024205,3024206,-1,61,100,,
3024206,-1,-1,101,999999999,,
3024301,3024302,-1,0,10,,
3024302,3024303,-1,11,20,,
3024303,3024304,-1,21,40,,
3024304,3024305,-1,41,60,,
3024305,3024306,-1,61,100,,
3024306,-1,-1,101,999999999,,
3024401,3024402,-1,0,10,,
3024402,3024403,-1,11,20,,
3024403,3024404,-1,21,40,,
3024404,3024405,-1,41,60,,
3024405,3024406,-1,61,100,,
3024406,-1,-1,101,999999999,,
3031401,3031402,-1,0,10,,
3031402,3031403,-1,11,20,,
3031403,3031404,-1,21,40,,
3031404,3031405,-1,41,60,,
3031405,3031406,-1,61,100,,
3031406,-1,-1,101,999999999,,
3032101,3032102,-1,0,10,,
3032102,3032103,-1,11,20,,
3032103,3032104,-1,21,40,,
3032104,3032105,-1,41,60,,
3032105,3032106,-1,61,100,,
3032106,-1,-1,101,999999999,,
3032201,3032202,-1,0,10,,
3032202,3032203,-1,11,20,,
3032203,3032204,-1,21,40,,
3032204,3032205,-1,41,60,,
3032205,3032206,-1,61,100,,
3032206,-1,-1,101,999999999,,
3032301,3032302,-1,0,10,,
3032302,3032303,-1,11,20,,
3032303,3032304,-1,21,40,,
3032304,3032305,-1,41,60,,
3032305,3032306,-1,61,100,,
3032306,-1,-1,101,999999999,,
3032401,3032402,-1,0,10,,
3032402,3032403,-1,11,20,,
3032403,3032404,-1,21,40,,
3032404,3032405,-1,41,60,,
3032405,3032406,-1,61,100,,
3032406,-1,-1,101,999999999,,
3033101,3033102,-1,0,10,,
3033102,3033103,-1,11,20,,
3033103,3033104,-1,21,40,,
3033104,3033105,-1,41,60,,
3033105,3033106,-1,61,100,,
3033106,-1,-1,101,999999999,,
3033201,3033202,-1,0,10,,
3033202,3033203,-1,11,20,,
3033203,3033204,-1,21,40,,
3033204,3033205,-1,41,60,,
3033205,3033206,-1,61,100,,
3033206,-1,-1,101,999999999,,
3033301,3033302,-1,0,10,,
3033302,3033303,-1,11,20,,
3033303,3033304,-1,21,40,,
3033304,3033305,-1,41,60,,
3033305,3033306,-1,61,100,,
3033306,-1,-1,101,999999999,,
3033401,3033402,-1,0,10,,
3033402,3033403,-1,11,20,,
3033403,3033404,-1,21,40,,
3033404,3033405,-1,41,60,,
3033405,3033406,-1,61,100,,
3033406,-1,-1,101,999999999,,
3034101,3034102,-1,0,10,,
3034102,3034103,-1,11,20,,
3034103,3034104,-1,21,40,,
3034104,3034105,-1,41,60,,
3034105,3034106,-1,61,100,,
3034106,-1,-1,101,999999999,,
3034201,3034202,-1,0,10,,
3034202,3034203,-1,11,20,,
3034203,3034204,-1,21,40,,
3034204,3034205,-1,41,60,,
3034205,3034206,-1,61,100,,
3034206,-1,-1,101,999999999,,
3034301,3034302,-1,0,10,,
3034302,3034303,-1,11,20,,
3034303,3034304,-1,21,40,,
3034304,3034305,-1,41,60,,
3034305,3034306,-1,61,100,,
3034306,-1,-1,101,999999999,,
3034401,3034402,-1,0,10,,
3034402,3034403,-1,11,20,,
3034403,3034404,-1,21,40,,
3034404,3034405,-1,41,60,,
3034405,3034406,-1,61,100,,
3034406,-1,-1,101,999999999,,
3041401,3041402,-1,0,10,,
3041402,3041403,-1,11,20,,
3041403,3041404,-1,21,40,,
3041404,3041405,-1,41,60,,
3041405,3041406,-1,61,100,,
3041406,-1,-1,101,999999999,,
3042101,3042102,-1,0,10,,
3042102,3042103,-1,11,20,,
3042103,3042104,-1,21,40,,
3042104,3042105,-1,41,60,,
3042105,3042106,-1,61,100,,
3042106,-1,-1,101,999999999,,
3042201,3042202,-1,0,10,,
3042202,3042203,-1,11,20,,
3042203,3042204,-1,21,40,,
3042204,3042205,-1,41,60,,
3042205,3042206,-1,61,100,,
3042206,-1,-1,101,999999999,,
3042301,3042302,-1,0,10,,
3042302,3042303,-1,11,20,,
3042303,3042304,-1,21,40,,
3042304,3042305,-1,41,60,,
3042305,3042306,-1,61,100,,
3042306,-1,-1,101,999999999,,
3042401,3042402,-1,0,10,,
3042402,3042403,-1,11,20,,
3042403,3042404,-1,21,40,,
3042404,3042405,-1,41,60,,
3042405,3042406,-1,61,100,,
3042406,-1,-1,101,999999999,,
3043101,3043102,-1,0,10,,
3043102,3043103,-1,11,20,,
3043103,3043104,-1,21,40,,
3043104,3043105,-1,41,60,,
3043105,3043106,-1,61,100,,
3043106,-1,-1,101,999999999,,
3043201,3043202,-1,0,10,,
3043202,3043203,-1,11,20,,
3043203,3043204,-1,21,40,,
3043204,3043205,-1,41,60,,
3043205,3043206,-1,61,100,,
3043206,-1,-1,101,999999999,,
3043301,3043302,-1,0,10,,
3043302,3043303,-1,11,20,,
3043303,3043304,-1,21,40,,
3043304,3043305,-1,41,60,,
3043305,3043306,-1,61,100,,
3043306,-1,-1,101,999999999,,
3043401,3043402,-1,0,10,,
3043402,3043403,-1,11,20,,
3043403,3043404,-1,21,40,,
3043404,3043405,-1,41,60,,
3043405,3043406,-1,61,100,,
3043406,-1,-1,101,999999999,,
3044101,3044102,-1,0,10,,
3044102,3044103,-1,11,20,,
3044103,3044104,-1,21,40,,
3044104,3044105,-1,41,60,,
3044105,3044106,-1,61,100,,
3044106,-1,-1,101,999999999,,
3044201,3044202,-1,0,10,,
3044202,3044203,-1,11,20,,
3044203,3044204,-1,21,40,,
3044204,3044205,-1,41,60,,
3044205,3044206,-1,61,100,,
3044206,-1,-1,101,999999999,,
3044301,3044302,-1,0,10,,
3044302,3044303,-1,11,20,,
3044303,3044304,-1,21,40,,
3044304,3044305,-1,41,60,,
3044305,3044306,-1,61,100,,
3044306,-1,-1,101,999999999,,
3044401,3044402,-1,0,10,,
3044402,3044403,-1,11,20,,
3044403,3044404,-1,21,40,,
3044404,3044405,-1,41,60,,
3044405,3044406,-1,61,100,,
3044406,-1,-1,101,999999999,,
3045401,3045402,-1,0,10,,
3045402,3045403,-1,11,20,,
3045403,3045404,-1,21,40,,
3045404,3041405,-1,41,60,,
3046101,3046102,-1,0,10,,
3046102,3011103,-1,11,20,,
3046103,3046104,-1,21,40,,
3046104,3011105,-1,41,60,,
3046201,3046202,-1,0,10,,
3046202,3011203,-1,11,20,,
3046203,3046204,-1,21,40,,
3046204,3011205,-1,41,60,,
3046301,3046302,-1,0,10,,
3046302,3046303,-1,11,20,,
3046303,3046304,-1,21,40,,
3046304,3011305,-1,41,60,,
3046401,3046402,-1,0,10,,
3046402,3046403,-1,11,20,,
3046403,3046404,-1,21,40,,
3046404,3041405,-1,41,60,,
3047101,3047102,-1,0,10,,
3047102,3011103,-1,11,20,,
3047103,3047104,-1,21,40,,
3047104,3011105,-1,41,60,,
3047201,3047202,-1,0,10,,
3047202,3011203,-1,11,20,,
3047203,3047204,-1,21,40,,
3047204,3011205,-1,41,60,,
3047301,3047302,-1,0,10,,
3047302,3047303,-1,11,20,,
3047303,3047304,-1,21,40,,
3047304,3011305,-1,41,60,,
3047401,3047402,-1,0,10,,
3047402,3047403,-1,11,20,,
3047403,3047404,-1,21,40,,
3047404,3041405,-1,41,60,,
3048101,3048102,-1,0,10,,
3048102,3011103,-1,11,20,,
3048103,3048104,-1,21,40,,
3048104,3011105,-1,41,60,,
3048201,3048202,-1,0,10,,
3048202,3011203,-1,11,20,,
3048203,3048204,-1,21,40,,
3048204,3011205,-1,41,60,,
3048301,3048302,-1,0,10,,
3048302,3048303,-1,11,20,,
3048303,3048304,-1,21,40,,
3048304,3011305,-1,41,60,,
3048401,3048402,-1,0,10,,
3048402,3048403,-1,11,20,,
3048403,3048404,-1,21,40,,
3048404,3041405,-1,41,60,,
4011101,4011102,-1,0,10,,
4011102,4011103,-1,11,20,,
4011103,4011104,-1,21,40,,
4011104,4011105,-1,41,60,,
4011105,4011106,-1,61,100,,
4011106,-1,-1,101,999999999,,
4011201,4011202,-1,0,10,,
4011202,4011203,-1,11,20,,
4011203,4011204,-1,21,40,,
4011204,4011205,-1,41,60,,
4011205,4011206,-1,61,100,,
4011206,-1,-1,101,999999999,,
4011301,4011302,-1,0,10,,
4011302,4011303,-1,11,20,,
4011303,4011304,-1,21,40,,
4011304,4011305,-1,41,60,,
4011305,4011306,-1,61,100,,
4011306,-1,-1,101,999999999,,
4012101,4012102,-1,0,10,,
4012102,4012103,-1,11,20,,
4012103,4012104,-1,21,40,,
4012104,4012105,-1,41,60,,
4012105,4012106,-1,61,100,,
4012106,-1,-1,101,999999999,,
4012201,4012202,-1,0,10,,
4012202,4012203,-1,11,20,,
4012203,4012204,-1,21,40,,
4012204,4012205,-1,41,60,,
4012205,4012206,-1,61,100,,
4012206,-1,-1,101,999999999,,
4012301,4012302,-1,0,10,,
4012302,4012303,-1,11,20,,
4012303,4012304,-1,21,40,,
4012304,4012305,-1,41,60,,
4012305,4012306,-1,61,100,,
4012306,-1,-1,101,999999999,,
4012401,4012402,-1,0,10,,
4012402,4012403,-1,11,20,,
4012403,4012404,-1,21,40,,
4012404,4012405,-1,41,60,,
4012405,4012406,-1,61,100,,
4012406,-1,-1,101,999999999,,
4013101,4013102,-1,0,10,,
4013102,4013103,-1,11,20,,
4013103,4013104,-1,21,40,,
4013104,4013105,-1,41,60,,
4013105,4013106,-1,61,100,,
4013106,-1,-1,101,999999999,,
4013201,4013202,-1,0,10,,
4013202,4013203,-1,11,20,,
4013203,4013204,-1,21,40,,
4013204,4013205,-1,41,60,,
4013205,4013206,-1,61,100,,
4013206,-1,-1,101,999999999,,
4013301,4013302,-1,0,10,,
4013302,4013303,-1,11,20,,
4013303,4013304,-1,21,40,,
4013304,4013305,-1,41,60,,
4013305,4013306,-1,61,100,,
4013306,-1,-1,101,999999999,,
4013401,4013402,-1,0,10,,
4013402,4013403,-1,11,20,,
4013403,4013404,-1,21,40,,
4013404,4013405,-1,41,60,,
4013405,4013406,-1,61,100,,
4013406,-1,-1,101,999999999,,
4014101,4014102,-1,0,10,,
4014102,4014103,-1,11,20,,
4014103,4014104,-1,21,40,,
4014104,4014105,-1,41,60,,
4014105,4014106,-1,61,100,,
4014106,-1,-1,101,999999999,,
4014201,4014202,-1,0,10,,
4014202,4014203,-1,11,20,,
4014203,4014204,-1,21,40,,
4014204,4014205,-1,41,60,,
4014205,4014206,-1,61,100,,
4014206,-1,-1,101,999999999,,
4014301,4014302,-1,0,10,,
4014302,4014303,-1,11,20,,
4014303,4014304,-1,21,40,,
4014304,4014305,-1,41,60,,
4014305,4014306,-1,61,100,,
4014306,-1,-1,101,999999999,,
4014401,4014402,-1,0,10,,
4014402,4014403,-1,11,20,,
4014403,4014404,-1,21,40,,
4014404,4014405,-1,41,60,,
4014405,4014406,-1,61,100,,
4014406,-1,-1,101,999999999,,
4015103,4015104,-1,21,40,,
4015104,4011105,-1,41,60,,
4015203,4015204,-1,21,40,,
4015204,4011205,-1,41,60,,
4015302,4015303,-1,11,20,,
4015303,4015304,-1,21,40,,
4015304,4011305,-1,41,60,,
4015401,4015402,-1,0,10,,
4015402,4015403,-1,11,20,,
4015403,4015404,-1,21,40,,
4015404,4021405,-1,41,60,,
4016101,4016102,-1,0,10,,
4016102,4011103,-1,11,20,,
4016103,4016104,-1,21,40,,
4016104,4011105,-1,41,60,,
4016201,4016402,-1,0,10,,
4016202,4016202,-1,11,20,,
4016203,4016203,-1,21,40,,
4016204,4011205,-1,41,60,,
4016301,4016302,-1,0,10,,
4016302,4016303,-1,11,20,,
4016303,4016304,-1,21,40,,
4016304,4011305,-1,41,60,,
4016401,4016402,-1,0,10,,
4016402,4016403,-1,11,20,,
4016403,4016404,-1,21,40,,
4016404,4021405,-1,41,60,,
4017101,4017101,-1,0,10,,
4017102,4017102,-1,11,20,,
4017103,4017104,-1,21,40,,
4017104,4011105,-1,41,60,,
4017201,4017202,-1,0,10,,
4017202,4011203,-1,11,20,,
4017203,4017204,-1,21,40,,
4017204,4011205,-1,41,60,,
4017301,4017302,-1,0,10,,
4017302,4017303,-1,11,20,,
4017303,4017304,-1,21,40,,
4017304,4011305,-1,41,60,,
4017401,4017402,-1,0,10,,
4017402,4017403,-1,11,20,,
4017403,4017404,-1,21,40,,
4017404,4021405,-1,41,60,,
4018101,4018101,-1,0,10,,
4018102,4018102,-1,11,20,,
4018103,4018104,-1,21,40,,
4018104,4011105,-1,41,60,,
4018201,4018202,-1,0,10,,
4018202,4011203,-1,11,20,,
4018203,4018204,-1,21,40,,
4018204,4011205,-1,41,60,,
4018301,4018302,-1,0,10,,
4018302,4018303,-1,11,20,,
4018303,4018304,-1,21,40,,
4018304,4011305,-1,41,60,,
4018401,4018402,-1,0,10,,
4018402,4018403,-1,11,20,,
4018403,4018404,-1,21,40,,
4018404,4021405,-1,41,60,,
4021401,4021402,-1,0,10,,
4021402,4021403,-1,11,20,,
4021403,4021404,-1,21,40,,
4021404,4021405,-1,41,60,,
4021405,4021406,-1,61,100,,
4021406,-1,-1,101,999999999,,
4022101,4022102,-1,0,10,,
4022102,4022103,-1,11,20,,
4022103,4022104,-1,21,40,,
4022104,4022105,-1,41,60,,
4022105,4022106,-1,61,100,,
4022106,-1,-1,101,999999999,,
4022201,4022202,-1,0,10,,
4022202,4022203,-1,11,20,,
4022203,4022204,-1,21,40,,
4022204,4022205,-1,41,60,,
4022205,4022206,-1,61,100,,
4022206,-1,-1,101,999999999,,
4022301,4022302,-1,0,10,,
4022302,4022303,-1,11,20,,
4022303,4022304,-1,21,40,,
4022304,4022305,-1,41,60,,
4022305,4022306,-1,61,100,,
4022306,-1,-1,101,999999999,,
4022401,4022402,-1,0,10,,
4022402,4022403,-1,11,20,,
4022403,4022404,-1,21,40,,
4022404,4022405,-1,41,60,,
4022405,4022406,-1,61,100,,
4022406,-1,-1,101,999999999,,
4023101,4023102,-1,0,10,,
4023102,4023103,-1,11,20,,
4023103,4023104,-1,21,40,,
4023104,4023105,-1,41,60,,
4023105,4023106,-1,61,100,,
4023106,-1,-1,101,999999999,,
4023201,4023202,-1,0,10,,
4023202,4023203,-1,11,20,,
4023203,4023204,-1,21,40,,
4023204,4023205,-1,41,60,,
4023205,4023206,-1,61,100,,
4023206,-1,-1,101,999999999,,
4023301,4023302,-1,0,10,,
4023302,4023303,-1,11,20,,
4023303,4023304,-1,21,40,,
4023304,4023305,-1,41,60,,
4023305,4023306,-1,61,100,,
4023306,-1,-1,101,999999999,,
4023401,4023402,-1,0,10,,
4023402,4023403,-1,11,20,,
4023403,4023404,-1,21,40,,
4023404,4023405,-1,41,60,,
4023405,4023406,-1,61,100,,
4023406,-1,-1,101,999999999,,
4024101,4024102,-1,0,10,,
4024102,4024103,-1,11,20,,
4024103,4024104,-1,21,40,,
4024104,4024105,-1,41,60,,
4024105,4024106,-1,61,100,,
4024106,-1,-1,101,999999999,,
4024201,4024202,-1,0,10,,
4024202,4024203,-1,11,20,,
4024203,4024204,-1,21,40,,
4024204,4024205,-1,41,60,,
4024205,4024206,-1,61,100,,
4024206,-1,-1,101,999999999,,
4024301,4024302,-1,0,10,,
4024302,4024303,-1,11,20,,
4024303,4024304,-1,21,40,,
4024304,4024305,-1,41,60,,
4024305,4024306,-1,61,100,,
4024306,-1,-1,101,999999999,,
4024401,4024402,-1,0,10,,
4024402,4024403,-1,11,20,,
4024403,4024404,-1,21,40,,
4024404,4024405,-1,41,60,,
4024405,4024406,-1,61,100,,
4024406,-1,-1,101,999999999,,
4031401,4031402,-1,0,10,,
4031402,4031403,-1,11,20,,
4031403,4031404,-1,21,40,,
4031404,4031405,-1,41,60,,
4031405,4031406,-1,61,100,,
4031406,-1,-1,101,999999999,,
4032101,4032102,-1,0,10,,
4032102,4032103,-1,11,20,,
4032103,4032104,-1,21,40,,
4032104,4032105,-1,41,60,,
4032105,4032106,-1,61,100,,
4032106,-1,-1,101,999999999,,
4032201,4032202,-1,0,10,,
4032202,4032203,-1,11,20,,
4032203,4032204,-1,21,40,,
4032204,4032205,-1,41,60,,
4032205,4032206,-1,61,100,,
4032206,-1,-1,101,999999999,,
4032301,4032302,-1,0,10,,
4032302,4032303,-1,11,20,,
4032303,4032304,-1,21,40,,
4032304,4032305,-1,41,60,,
4032305,4032306,-1,61,100,,
4032306,-1,-1,101,999999999,,
4032401,4032402,-1,0,10,,
4032402,4032403,-1,11,20,,
4032403,4032404,-1,21,40,,
4032404,4032405,-1,41,60,,
4032405,4032406,-1,61,100,,
4032406,-1,-1,101,999999999,,
4033101,4033102,-1,0,10,,
4033102,4033103,-1,11,20,,
4033103,4033104,-1,21,40,,
4033104,4033105,-1,41,60,,
4033105,4033106,-1,61,100,,
4033106,-1,-1,101,999999999,,
4033201,4033202,-1,0,10,,
4033202,4033203,-1,11,20,,
4033203,4033204,-1,21,40,,
4033204,4033205,-1,41,60,,
4033205,4033206,-1,61,100,,
4033206,-1,-1,101,999999999,,
4033301,4033302,-1,0,10,,
4033302,4033303,-1,11,20,,
4033303,4033304,-1,21,40,,
4033304,4033305,-1,41,60,,
4033305,4033306,-1,61,100,,
4033306,-1,-1,101,999999999,,
4033401,4033402,-1,0,10,,
4033402,4033403,-1,11,20,,
4033403,4033404,-1,21,40,,
4033404,4033405,-1,41,60,,
4033405,4033406,-1,61,100,,
4033406,-1,-1,101,999999999,,
4034101,4034102,-1,0,10,,
4034102,4034103,-1,11,20,,
4034103,4034104,-1,21,40,,
4034104,4034105,-1,41,60,,
4034105,4034106,-1,61,100,,
4034106,-1,-1,101,999999999,,
4034201,4034202,-1,0,10,,
4034202,4034203,-1,11,20,,
4034203,4034204,-1,21,40,,
4034204,4034205,-1,41,60,,
4034205,4034206,-1,61,100,,
4034206,-1,-1,101,999999999,,
4034301,4034302,-1,0,10,,
4034302,4034303,-1,11,20,,
4034303,4034304,-1,21,40,,
4034304,4034305,-1,41,60,,
4034305,4034306,-1,61,100,,
4034306,-1,-1,101,999999999,,
4034401,4034402,-1,0,10,,
4034402,4034403,-1,11,20,,
4034403,4034404,-1,21,40,,
4034404,4034405,-1,41,60,,
4034405,4034406,-1,61,100,,
4034406,-1,-1,101,999999999,,
4041401,4041402,-1,0,10,,
4041402,4041403,-1,11,20,,
4041403,4041404,-1,21,40,,
4041404,4041405,-1,41,60,,
4041405,4041406,-1,61,100,,
4041406,-1,-1,101,999999999,,
4042101,4042102,-1,0,10,,
4042102,4042103,-1,11,20,,
4042103,4042104,-1,21,40,,
4042104,4042105,-1,41,60,,
4042105,4042106,-1,61,100,,
4042106,-1,-1,101,999999999,,
4042201,4042202,-1,0,10,,
4042202,4042203,-1,11,20,,
4042203,4042204,-1,21,40,,
4042204,4042205,-1,41,60,,
4042205,4042206,-1,61,100,,
4042206,-1,-1,101,999999999,,
4042301,4042302,-1,0,10,,
4042302,4042303,-1,11,20,,
4042303,4042304,-1,21,40,,
4042304,4042305,-1,41,60,,
4042305,4042306,-1,61,100,,
4042306,-1,-1,101,999999999,,
4042401,4042402,-1,0,10,,
4042402,4042403,-1,11,20,,
4042403,4042404,-1,21,40,,
4042404,4042405,-1,41,60,,
4042405,4042406,-1,61,100,,
4042406,-1,-1,101,999999999,,
4043101,4043102,-1,0,10,,
4043102,4043103,-1,11,20,,
4043103,4043104,-1,21,40,,
4043104,4043105,-1,41,60,,
4043105,4043106,-1,61,100,,
4043106,-1,-1,101,999999999,,
4043201,4043202,-1,0,10,,
4043202,4043203,-1,11,20,,
4043203,4043204,-1,21,40,,
4043204,4043205,-1,41,60,,
4043205,4043206,-1,61,100,,
4043206,-1,-1,101,999999999,,
4043301,4043302,-1,0,10,,
4043302,4043303,-1,11,20,,
4043303,4043304,-1,21,40,,
4043304,4043305,-1,41,60,,
4043305,4043306,-1,61,100,,
4043306,-1,-1,101,999999999,,
4043401,4043402,-1,0,10,,
4043402,4043403,-1,11,20,,
4043403,4043404,-1,21,40,,
4043404,4043405,-1,41,60,,
4043405,4043406,-1,61,100,,
4043406,-1,-1,101,999999999,,
4044101,4044102,-1,0,10,,
4044102,4044103,-1,11,20,,
4044103,4044104,-1,21,40,,
4044104,4044105,-1,41,60,,
4044105,4044106,-1,61,100,,
4044106,-1,-1,101,999999999,,
4044201,4044202,-1,0,10,,
4044202,4044203,-1,11,20,,
4044203,4044204,-1,21,40,,
4044204,4044205,-1,41,60,,
4044205,4044206,-1,61,100,,
4044206,-1,-1,101,999999999,,
4044301,4044302,-1,0,10,,
4044302,4044303,-1,11,20,,
4044303,4044304,-1,21,40,,
4044304,4044305,-1,41,60,,
4044305,4044306,-1,61,100,,
4044306,-1,-1,101,999999999,,
4044401,4044402,-1,0,10,,
4044402,4044403,-1,11,20,,
4044403,4044404,-1,21,40,,
4044404,4044405,-1,41,60,,
4044405,4044406,-1,61,100,,
4044406,-1,-1,101,999999999,,
4045401,4045402,-1,0,10,,
4045402,4045403,-1,11,20,,
4045403,4045404,-1,21,40,,
4045404,4041405,-1,41,60,,
4046101,4046102,-1,0,10,,
4046102,4011103,-1,11,20,,
4046103,4046104,-1,21,40,,
4046104,4011105,-1,41,60,,
4046201,4046202,-1,0,10,,
4046202,4011203,-1,11,20,,
4046203,4046204,-1,21,40,,
4046204,4011205,-1,41,60,,
4046301,4046302,-1,0,10,,
4046302,4046303,-1,11,20,,
4046303,4046304,-1,21,40,,
4046304,4011305,-1,41,60,,
4046401,4046402,-1,0,10,,
4046402,4046403,-1,11,20,,
4046403,4046404,-1,21,40,,
4046404,4041405,-1,41,60,,
4047101,4047102,-1,0,10,,
4047102,4011103,-1,11,20,,
4047103,4047104,-1,21,40,,
4047104,4011105,-1,41,60,,
4047201,4047202,-1,0,10,,
4047202,4011203,-1,11,20,,
4047203,4047204,-1,21,40,,
4047204,4011205,-1,41,60,,
4047301,4047302,-1,0,10,,
4047302,4047303,-1,11,20,,
4047303,4047304,-1,21,40,,
4047304,4011305,-1,41,60,,
4047401,4047402,-1,0,10,,
4047402,4047403,-1,11,20,,
4047403,4047404,-1,21,40,,
4047404,4041405,-1,41,60,,
4048101,4048102,-1,0,10,,
4048102,4011103,-1,11,20,,
4048103,4048104,-1,21,40,,
4048104,4011105,-1,41,60,,
4048201,4048202,-1,0,10,,
4048202,4011203,-1,11,20,,
4048203,4048204,-1,21,40,,
4048204,4011205,-1,41,60,,
4048301,4048302,-1,0,10,,
4048302,4048303,-1,11,20,,
4048303,4048304,-1,21,40,,
4048304,4011305,-1,41,60,,
4048401,4048402,-1,0,10,,
4048402,4048403,-1,11,20,,
4048403,4048404,-1,21,40,,
4048404,4041405,-1,41,60,,
5079000,-1,-1,0,999999999,,
5089000,-1,-1,0,999999999,,
5099000,-1,-1,0,999999999,,
6000000,-1,-1,0,999999999,,
