fuelbed,post_1,max_tslt
1011101,1011101,999999
1011102,1011102,999999
1011103,1011103,999999
1011104,1011104,999999
1011105,1011105,999999
1011106,1011106,999999
1011201,1011201,999999
1011202,1011202,999999
1011203,1011203,999999
1011204,1011204,999999
1011205,1011205,999999
1011206,1011206,999999
1011301,1011301,999999
1011302,1011302,999999
1011303,1011303,999999
1011304,1011304,999999
1011305,1011305,999999
1011306,1011306,999999
1012101,1011101,0
1012102,1011102,0
1012103,1011103,0
1012104,1011104,0
1012105,1011105,0
1012106,1011106,0
1012201,1011201,0
1012202,1011202,0
1012203,1011203,0
1012204,1011204,0
1012205,1011205,0
1012206,1011206,0
1012301,1011301,0
1012302,1011302,0
1012303,1011303,0
1012304,1011304,0
1012305,1011305,0
1012306,1011306,0
1012401,1011301,0
1012402,1011302,0
1012403,1011303,0
1012404,1011304,0
1012405,1011305,0
1012406,1011306,0
1013101,1011101,0
1013102,1011102,0
1013103,1011103,0
1013104,1011104,0
1013105,1011105,0
1013106,1011106,0
1013201,1011201,0
1013202,1011202,0
1013203,1011203,0
1013204,1011204,0
1013205,1011205,0
1013206,1011206,0
1013301,1011301,0
1013302,1011302,0
1013303,1011303,0
1013304,1011304,0
1013305,1011305,0
1013306,1011306,0
1013401,1011301,0
1013402,1011302,0
1013403,1011303,0
1013404,1011304,0
1013405,1011305,0
1013406,1011306,0
1014101,1011101,0
1014102,1011102,0
1014103,1011103,0
1014104,1011104,0
1014105,1011105,0
1014106,1011106,0
1014201,1011201,0
1014202,1011202,0
1014203,1011203,0
1014204,1011204,0
1014205,1011205,0
1014206,1011206,0
1014301,1011301,0
1014302,1011302,0
1014303,1011303,0
1014304,1011304,0
1014305,1011305,0
1014306,1011306,0
1014401,1011301,0
1014402,1011302,0
1014403,1011303,0
1014404,1011304,0
1014405,1011305,0
1014406,1011306,0
1015101,1015401,9999
1015102,1015302,9999
1015103,1015103,9999
1015104,1015104,9999
1015201,1015401,9999
1015202,1015302,9999
1015203,1015203,9999
1015204,1015204,9999
1015301,1015401,9999
1015302,1015302,9999
1015303,1015303,9999
1015304,1015304,9999
1015401,1015401,9999
1015402,1015402,9999
1015403,1015403,9999
1015404,1015404,9999
1016101,1015401,0
1016102,1015302,0
1016103,1015103,0
1016104,1015104,0
1016201,1015401,0
1016202,1015302,0
1016203,1015203,0
1016204,1015204,0
1016301,1015401,0
1016302,1015302,0
1016303,1015303,0
1016304,1015304,0
1016401,1015401,0
1016402,1015402,0
1016403,1015403,0
1016404,1015404,0
1017101,1015401,0
1017102,1015302,0
1017103,1015103,0
1017104,1015104,0
1017201,1015401,0
1017202,1015302,0
1017203,1015203,0
1017204,1015204,0
1017301,1015401,0
1017302,1015302,0
1017303,1015303,0
1017304,1015304,0
1017401,1015401,0
1017402,1015402,0
1017403,1015403,0
1017404,1015404,0
1018101,1015401,0
1018102,1015302,0
1018103,1015103,0
1018104,1015104,0
1018201,1015401,0
1018202,1015302,0
1018203,1015203,0
1018204,1015204,0
1018301,1015401,0
1018302,1015302,0
1018303,1015303,0
1018304,1015304,0
1018401,1015401,0
1018402,1015402,0
1018403,1015403,0
1018404,1015404,0
1031401,1031401,9999
1031402,1031402,9999
1031403,1031403,9999
1031404,1031404,9999
1031405,1031405,9999
1031406,1031406,9999
1032101,1031401,0
1032102,1031402,0
1032103,1031403,0
1032104,1031404,0
1032105,1031405,0
1032106,1031406,0
1032201,1031401,0
1032202,1031402,0
1032203,1031403,0
1032204,1031404,0
1032205,1031405,0
1032206,1031406,0
1032301,1031401,0
1032302,1031402,0
1032303,1031403,0
1032304,1031404,0
1032305,1031405,0
1032306,1031406,0
1032401,1031401,0
1032402,1031402,0
1032403,1031403,0
1032404,1031404,0
1032405,1031405,0
1032406,1031406,0
1033101,1031401,0
1033102,1031402,0
1033103,1031403,0
1033104,1031404,0
1033105,1031405,0
1033106,1031406,0
1033201,1031401,0
1033202,1031402,0
1033203,1031403,0
1033204,1031404,0
1033205,1031405,0
1033206,1031406,0
1033301,1031401,0
1033302,1031402,0
1033303,1031403,0
1033304,1031404,0
1033305,1031405,0
1033306,1031406,0
1033401,1031401,0
1033402,1031402,0
1033403,1031403,0
1033404,1031404,0
1033405,1031405,0
1033406,1031406,0
1034101,1031401,0
1034102,1031402,0
1034103,1031403,0
1034104,1031404,0
1034105,1031405,0
1034106,1031406,0
1034201,1031401,0
1034202,1031402,0
1034203,1031403,0
1034204,1031404,0
1034205,1031405,0
1034206,1031406,0
1034301,1031401,0
1034302,1031402,0
1034303,1031403,0
1034304,1031404,0
1034305,1031405,0
1034306,1031406,0
1034401,1031401,0
1034402,1031402,0
1034403,1031403,0
1034404,1031404,0
1034405,1031405,0
1034406,1031406,0
1051401,1051401,9999
1051402,1051402,9999
1051403,1051403,9999
1051404,1051404,9999
1051405,1051405,9999
1051406,1051406,9999
1052101,1051401,0
1052102,1051402,0
1052103,1051403,0
1052104,1051404,0
1052105,1051405,0
1052106,1051406,0
1052201,1051401,0
1052202,1051402,0
1052203,1051403,0
1052204,1051404,0
1052205,1051405,0
1052206,1051406,0
1052301,1051401,0
1052302,1051402,0
1052303,1051403,0
1052304,1051404,0
1052305,1051405,0
1052306,1051406,0
1052401,1051401,0
1052402,1051402,0
1052403,1051403,0
1052404,1051404,0
1052405,1051405,0
1052406,1051406,0
1053101,1051401,0
1053102,1051402,0
1053103,1051403,0
1053104,1051404,0
1053105,1051405,0
1053106,1051406,0
1053201,1051401,0
1053202,1051402,0
1053203,1051403,0
1053204,1051404,0
1053205,1051405,0
1053206,1051406,0
1053301,1051401,0
1053302,1051402,0
1053303,1051403,0
1053304,1051404,0
1053305,1051405,0
1053306,1051406,0
1053401,1051401,0
1053402,1051402,0
1053403,1051403,0
1053404,1051404,0
1053405,1051405,0
1053406,1051406,0
1054101,1051401,0
1054102,1051402,0
1054103,1051403,0
1054104,1051404,0
1054105,1051405,0
1054106,1051406,0
1054201,1051401,0
1054202,1051402,0
1054203,1051403,0
1054204,1051404,0
1054205,1051405,0
1054206,1051406,0
1054301,1051401,0
1054302,1051402,0
1054303,1051403,0
1054304,1051404,0
1054305,1051405,0
1054306,1051406,0
1054401,1051401,0
1054402,1051402,0
1054403,1051403,0
1054404,1051404,0
1054405,1051405,0
1054406,1051406,0
1061401,1061401,9999
1069000,1069000,9999
1071401,1071401,9999
2011101,2011101,9999
2011102,2011102,9999
2011103,2011103,9999
2011104,2011104,9999
2011105,2011105,9999
2011106,2011106,9999
2011201,2011201,9999
2011202,2011202,9999
2011203,2011203,9999
2011204,2011204,9999
2011205,2011205,9999
2011206,2011206,9999
2011301,2011301,9999
2011302,2011302,9999
2011303,2011303,9999
2011304,2011304,9999
2011305,2011305,9999
2011306,2011306,9999
2012101,2011101,0
2012102,2011102,0
2012103,2011103,0
2012104,2011104,0
2012105,2011105,0
2012106,2011106,0
2012201,2011201,0
2012202,2011202,0
2012203,2011203,0
2012204,2011204,0
2012205,2011205,0
2012206,2011206,0
2012301,2011301,0
2012302,2011302,0
2012303,2011303,0
2012304,2011304,0
2012305,2011305,0
2012306,2011306,0
2012401,2011301,0
2012402,2011302,0
2012403,2011303,0
2012404,2011304,0
2012405,2011305,0
2012406,2011306,0
2013101,2011101,0
2013102,2011102,0
2013103,2011103,0
2013104,2011104,0
2013105,2011105,0
2013106,2011106,0
2013201,2011201,0
2013202,2011202,0
2013203,2011203,0
2013204,2011204,0
2013205,2011205,0
2013206,2011206,0
2013301,2011301,0
2013302,2011302,0
2013303,2011303,0
2013304,2011304,0
2013305,2011305,0
2013306,2011306,0
2013401,2011301,0
2013402,2011302,0
2013403,2011303,0
2013404,2011304,0
2013405,2011305,0
2013406,2011306,0
2014101,2011101,0
2014102,2011102,0
2014103,2011103,0
2014104,2011104,0
2014105,2011105,0
2014106,2011106,0
2014201,2011201,0
2014202,2011202,0
2014203,2011203,0
2014204,2011204,0
2014205,2011205,0
2014206,2011206,0
2014301,2011301,0
2014302,2011302,0
2014303,2011303,0
2014304,2011304,0
2014305,2011305,0
2014306,2011306,0
2014401,2011301,0
2014402,2011302,0
2014403,2011303,0
2014404,2011304,0
2014405,2011305,0
2014406,2011306,0
2015101,2015401,9999
2015102,2015302,9999
2015103,2015103,9999
2015104,2015104,9999
2015201,2015401,9999
2015202,2015302,9999
2015203,2015203,9999
2015204,2015204,9999
2015301,2015401,9999
2015302,2015302,9999
2015303,2015303,9999
2015304,2015304,9999
2015401,2015401,9999
2015402,2015402,9999
2015403,2015403,9999
2015404,2015404,9999
2016101,2015401,0
2016102,2015302,0
2016103,2015103,0
2016104,2015104,0
2016201,2015401,0
2016202,2015302,0
2016203,2015203,0
2016204,2015204,0
2016301,2015401,0
2016302,2015302,0
2016303,2015303,0
2016304,2015304,0
2016401,2015401,0
2016402,2015402,0
2016403,2015403,0
2016404,2015404,0
2017101,2015401,0
2017102,2015302,0
2017103,2015103,0
2017104,2015104,0
2017201,2015401,0
2017202,2015302,0
2017203,2015203,0
2017204,2015204,0
2017301,2015401,0
2017302,2015302,0
2017303,2015303,0
2017304,2015304,0
2017401,2015401,0
2017402,2015402,0
2017403,2015403,0
2017404,2015404,0
2018101,2015401,0
2018102,2015302,0
2018103,2015103,0
2018104,2015104,0
2018201,2015401,0
2018202,2015302,0
2018203,2015203,0
2018204,2015204,0
2018301,2015401,0
2018302,2015302,0
2018303,2015303,0
2018304,2015304,0
2018401,2015401,0
2018402,2015402,0
2018403,2015403,0
2018404,2015404,0
2031401,2031401,9999
2031402,2031402,9999
2031403,2031403,9999
2031404,2031404,9999
2031405,2031405,9999
2031406,2031406,9999
2032101,2031401,0
2032102,2031402,0
2032103,2031403,0
2032104,2031404,0
2032105,2031405,0
2032106,2031406,0
2032201,2031401,0
2032202,2031402,0
2032203,2031403,0
2032204,2031404,0
2032205,2031405,0
2032206,2031406,0
2032301,2031401,0
2032302,2031402,0
2032303,2031403,0
2032304,2031404,0
2032305,2031405,0
2032306,2031406,0
2032401,2031401,0
2032402,2031402,0
2032403,2031403,0
2032404,2031404,0
2032405,2031405,0
2032406,2031406,0
2033101,2031401,0
2033102,2031402,0
2033103,2031403,0
2033104,2031404,0
2033105,2031405,0
2033106,2031406,0
2033201,2031401,0
2033202,2031402,0
2033203,2031403,0
2033204,2031404,0
2033205,2031405,0
2033206,2031406,0
2033301,2031401,0
2033302,2031402,0
2033303,2031403,0
2033304,2031404,0
2033305,2031405,0
2033306,2031406,0
2033401,2031401,0
2033402,2031402,0
2033403,2031403,0
2033404,2031404,0
2033405,2031405,0
2033406,2031406,0
2034101,2031401,0
2034102,2031402,0
2034103,2031403,0
2034104,2031404,0
2034105,2031405,0
2034106,2031406,0
2034201,2031401,0
2034202,2031402,0
2034203,2031403,0
2034204,2031404,0
2034205,2031405,0
2034206,2031406,0
2034301,2031401,0
2034302,2031402,0
2034303,2031403,0
2034304,2031404,0
2034305,2031405,0
2034306,2031406,0
2034401,2031401,0
2034402,2031402,0
2034403,2031403,0
2034404,2031404,0
2034405,2031405,0
2034406,2031406,0
3011101,3011101,9999
3011102,3011102,9999
3011103,3011103,9999
3011104,3011104,9999
3011105,3011105,9999
3011106,3011106,9999
3011201,3011201,9999
3011202,3011202,9999
3011203,3011203,9999
3011204,3011204,9999
3011205,3011205,9999
3011206,3011206,9999
3011301,3011301,9999
3011302,3011302,9999
3011303,3011303,9999
3011304,3011304,9999
3011305,3011305,9999
3011306,3011306,9999
3012101,3011101,10
3012102,3011102,10
3012103,3011103,10
3012104,3011104,10
3012105,3011105,10
3012106,3011106,10
3012201,3011201,10
3012202,3011202,10
3012203,3011203,10
3012204,3011204,10
3012205,3011205,10
3012206,3011206,10
3012301,3011301,10
3012302,3011302,10
3012303,3011303,10
3012304,3011304,10
3012305,3011305,10
3012306,3011306,10
3012401,3021401,10
3012402,3021402,10
3012403,3021403,10
3012404,3021404,10
3012405,3021405,10
3012406,3021406,10
3013101,3014101,1
3013102,3014102,1
3013103,3014103,1
3013104,3014104,1
3013105,3014105,1
3013106,3014106,1
3013201,3014201,1
3013202,3014202,1
3013203,3014203,1
3013204,3014204,1
3013205,3014205,1
3013206,3014206,1
3013301,3014301,1
3013302,3014302,1
3013303,3014303,1
3013304,3014304,1
3013305,3014305,1
3013306,3014306,1
3013401,3014401,1
3013402,3014402,1
3013403,3014403,1
3013404,3014404,1
3013405,3014405,1
3013406,3014406,1
3014101,3011101,4
3014102,3011102,4
3014103,3011103,4
3014104,3011104,4
3014105,3011105,4
3014106,3011106,4
3014201,3011201,4
3014202,3011202,4
3014203,3011203,4
3014204,3011204,4
3014205,3011205,4
3014206,3011206,4
3014301,3011301,4
3014302,3011302,4
3014303,3011303,4
3014304,3011304,4
3014305,3011305,4
3014306,3011306,4
3014401,3021401,4
3014402,3021402,4
3014403,3021403,4
3014404,3021404,4
3014405,3021405,4
3014406,3021406,4
3015103,3015103,9999
3015104,3015104,9999
3015203,3015203,9999
3015204,3015204,9999
3015302,3015302,9999
3015303,3015303,9999
3015304,3015304,9999
3015401,3015401,9999
3015402,3015402,9999
3015403,3015403,9999
3015404,3015404,9999
3016101,3011101,10
3016102,3011102,10
3016103,3011103,10
3016104,3011104,10
3016201,3011201,10
3016202,3011202,10
3016203,3011203,10
3016204,3011204,10
3016301,3011301,10
3016302,3011302,10
3016303,3011303,10
3016304,3011304,10
3016401,3021401,10
3016402,3021402,10
3016403,3021403,10
3016404,3021404,10
3017101,3018101,1
3017102,3018102,1
3017103,3018103,1
3017104,3018104,1
3017201,3018201,1
3017202,3018202,1
3017203,3018203,1
3017204,3018204,1
3017301,3018301,1
3017302,3018302,1
3017303,3018303,1
3017304,3018304,1
3017401,3018401,1
3017402,3018402,1
3017403,3018403,1
3017404,3018404,1
3018101,3011101,4
3018102,3011102,4
3018103,3011103,4
3018104,3011104,4
3018201,3011201,4
3018202,3011202,4
3018203,3011203,4
3018204,3011204,4
3018301,3011301,4
3018302,3011302,4
3018303,3011303,4
3018304,3011304,4
3018401,3021401,4
3018402,3021402,4
3018403,3021403,4
3018404,3021404,4
3021401,3021401,9999
3021402,3021402,9999
3021403,3021403,9999
3021404,3021404,9999
3021405,3021405,9999
3021406,3021406,9999
3022101,3011101,10
3022102,3011102,10
3022103,3011103,10
3022104,3011104,10
3022105,3011105,10
3022106,3011106,10
3022201,3011201,10
3022202,3011202,10
3022203,3011203,10
3022204,3011204,10
3022205,3011205,10
3022206,3011206,10
3022301,3011301,10
3022302,3011302,10
3022303,3011303,10
3022304,3011304,10
3022305,3011305,10
3022306,3011306,10
3022401,3021401,10
3022402,3021402,10
3022403,3021403,10
3022404,3021404,10
3022405,3021405,10
3022406,3021406,10
3023101,3024101,1
3023102,3024102,1
3023103,3024103,1
3023104,3024104,1
3023105,3024105,1
3023106,3024106,1
3023201,3024201,1
3023202,3024202,1
3023203,3024203,1
3023204,3024204,1
3023205,3024205,1
3023206,3024206,1
3023301,3024301,1
3023302,3024302,1
3023303,3024303,1
3023304,3024304,1
3023305,3024305,1
3023306,3024306,1
3023401,3024401,1
3023402,3024402,1
3023403,3024403,1
3023404,3024404,1
3023405,3024405,1
3023406,3024406,1
3024101,3011101,4
3024102,3011102,4
3024103,3011103,4
3024104,3011104,4
3024105,3011105,4
3024106,3011106,4
3024201,3011201,4
3024202,3011202,4
3024203,3011203,4
3024204,3011204,4
3024205,3011205,4
3024206,3011206,4
3024301,3011301,4
3024302,3011302,4
3024303,3011303,4
3024304,3011304,4
3024305,3011305,4
3024306,3011306,4
3024401,3021401,4
3024402,3021402,4
3024403,3021403,4
3024404,3021404,4
3024405,3021405,4
3024406,3021406,4
3031401,3031401,9999
3031402,3031402,9999
3031403,3031403,9999
3031404,3031404,9999
3031405,3031405,9999
3031406,3031406,9999
3032101,3011101,10
3032102,3011102,10
3032103,3011103,10
3032104,3011104,10
3032105,3011105,10
3032106,3011106,10
3032201,3011201,10
3032202,3011202,10
3032203,3011203,10
3032204,3011204,10
3032205,3011205,10
3032206,3011206,10
3032301,3011301,10
3032302,3011302,10
3032303,3011303,10
3032304,3011304,10
3032305,3011305,10
3032306,3011306,10
3032401,3031401,10
3032402,3031402,10
3032403,3031403,10
3032404,3031404,10
3032405,3031405,10
3032406,3031406,10
3033101,3034101,1
3033102,3034102,1
3033103,3034103,1
3033104,3034104,1
3033105,3034105,1
3033106,3034106,1
3033201,3034201,1
3033202,3034202,1
3033203,3034203,1
3033204,3034204,1
3033205,3034205,1
3033206,3034206,1
3033301,3034301,1
3033302,3034302,1
3033303,3034303,1
3033304,3034304,1
3033305,3034305,1
3033306,3034306,1
3033401,3034401,1
3033402,3034402,1
3033403,3034403,1
3033404,3034404,1
3033405,3034405,1
3033406,3034406,1
3034101,3011101,4
3034102,3011102,4
3034103,3011103,4
3034104,3011104,4
3034105,3011105,4
3034106,3011106,4
3034201,3011201,4
3034202,3011202,4
3034203,3011203,4
3034204,3011204,4
3034205,3011205,4
3034206,3011206,4
3034301,3011301,4
3034302,3011302,4
3034303,3011303,4
3034304,3011304,4
3034305,3011305,4
3034306,3011306,4
3034401,3031401,4
3034402,3031402,4
3034403,3031403,4
3034404,3031404,4
3034405,3031405,4
3034406,3031406,4
3041401,3041401,9999
3041402,3041402,9999
3041403,3041403,9999
3041404,3041404,9999
3041405,3041405,9999
3041406,3041406,9999
3042101,3011101,10
3042102,3011102,10
3042103,3011103,10
3042104,3011104,10
3042105,3011105,10
3042106,3011106,10
3042201,3011201,10
3042202,3011202,10
3042203,3011203,10
3042204,3011204,10
3042205,3011205,10
3042206,3011206,10
3042301,3011301,10
3042302,3011302,10
3042303,3011303,10
3042304,3011304,10
3042305,3011305,10
3042306,3011306,10
3042401,3041401,10
3042402,3041402,10
3042403,3041403,10
3042404,3041404,10
3042405,3041405,10
3042406,3041406,10
3043101,3044101,1
3043102,3044102,1
3043103,3044103,1
3043104,3044104,1
3043105,3044105,1
3043106,3044106,1
3043201,3044201,1
3043202,3044202,1
3043203,3044203,1
3043204,3044204,1
3043205,3044205,1
3043206,3044206,1
3043301,3044301,1
3043302,3044302,1
3043303,3044303,1
3043304,3044304,1
3043305,3044305,1
3043306,3044306,1
3043401,3044401,1
3043402,3044402,1
3043403,3044403,1
3043404,3044404,1
3043405,3044405,1
3043406,3044406,1
3044101,3011101,4
3044102,3011102,4
3044103,3011103,4
3044104,3011104,4
3044105,3011105,4
3044106,3011106,4
3044201,3011201,4
3044202,3011202,4
3044203,3011203,4
3044204,3011204,4
3044205,3011205,4
3044206,3011206,4
3044301,3011301,4
3044302,3011302,4
3044303,3011303,4
3044304,3011304,4
3044305,3011305,4
3044306,3011306,4
3044401,3041401,4
3044402,3041402,4
3044403,3041403,4
3044404,3041404,4
3044405,3041405,4
3044406,3041406,4
3045401,3045401,9999
3045402,3045402,9999
3045403,3045403,9999
3045404,3045404,9999
3046101,3011101,10
3046102,3011102,10
3046103,3011103,10
3046104,3011104,10
3046201,3011201,10
3046202,3011202,10
3046203,3011203,10
3046204,3011204,10
3046301,3011301,10
3046302,3011302,10
3046303,3011303,10
3046304,3011304,10
3046401,3041401,10
3046402,3041402,10
3046403,3041403,10
3046404,3041404,10
3047101,3048101,1
3047102,3048102,1
3047103,3048103,1
3047104,3048104,1
3047201,3048201,1
3047202,3048202,1
3047203,3048203,1
3047204,3048204,1
3047301,3048301,1
3047302,3048302,1
3047303,3048303,1
3047304,3048304,1
3047401,3048401,1
3047402,3048402,1
3047403,3048403,1
3047404,3048404,1
3048101,3011101,4
3048102,3011102,4
3048103,3011103,4
3048104,3011104,4
3048201,3011201,4
3048202,3011202,4
3048203,3011203,4
3048204,3011204,4
3048301,3011301,4
3048302,3011302,4
3048303,3011303,4
3048304,3011304,4
3048401,3041401,4
3048402,3041402,4
3048403,3041403,4
3048404,3041404,4
4011101,4011101,9999
4011102,4011102,9999
4011103,4011103,9999
4011104,4011104,9999
4011105,4011105,9999
4011106,4011106,9999
4011201,4011201,9999
4011202,4011202,9999
4011203,4011203,9999
4011204,4011204,9999
4011205,4011205,9999
4011206,4011206,9999
4011301,4011301,9999
4011302,4011302,9999
4011303,4011303,9999
4011304,4011304,9999
4011305,4011305,9999
4011306,4011306,9999
4012101,4011101,10
4012102,4011102,10
4012103,4011103,10
4012104,4011104,10
4012105,4011105,10
4012106,4011106,10
4012201,4011201,10
4012202,4011202,10
4012203,4011203,10
4012204,4011204,10
4012205,4011205,10
4012206,4011206,10
4012301,4011301,10
4012302,4011302,10
4012303,4011303,10
4012304,4011304,10
4012305,4011305,10
4012306,4011306,10
4012401,4021401,10
4012402,4021402,10
4012403,4021403,10
4012404,4021404,10
4012405,4021405,10
4012406,4021406,10
4013101,4014101,1
4013102,4014102,1
4013103,4014103,1
4013104,4014104,1
4013105,4014105,1
4013106,4014106,1
4013201,4014201,1
4013202,4014202,1
4013203,4014203,1
4013204,4014204,1
4013205,4014205,1
4013206,4014206,1
4013301,4014301,1
4013302,4014302,1
4013303,4014303,1
4013304,4014304,1
4013305,4014305,1
4013306,4014306,1
4013401,4014401,1
4013402,4014402,1
4013403,4014403,1
4013404,4014404,1
4013405,4014405,1
4013406,4014406,1
4014101,4011101,4
4014102,4011102,4
4014103,4011103,4
4014104,4011104,4
4014105,4011105,4
4014106,4011106,4
4014201,4011201,4
4014202,4011202,4
4014203,4011203,4
4014204,4011204,4
4014205,4011205,4
4014206,4011206,4
4014301,4011301,4
4014302,4011302,4
4014303,4011303,4
4014304,4011304,4
4014305,4011305,4
4014306,4011306,4
4014401,4021401,4
4014402,4021402,4
4014403,4021403,4
4014404,4021404,4
4014405,4021405,4
4014406,4021406,4
4015103,4015103,9999
4015104,4015104,9999
4015203,4015203,9999
4015204,4015204,9999
4015302,4015302,9999
4015303,4015303,9999
4015304,4015304,9999
4015401,4015401,9999
4015402,4015402,9999
4015403,4015403,9999
4015404,4015404,9999
4016101,4011101,10
4016102,4011102,10
4016103,4011103,10
4016104,4011104,10
4016201,4011201,10
4016202,4011202,10
4016203,4011203,10
4016204,4011204,10
4016301,4011301,10
4016302,4011302,10
4016303,4011303,10
4016304,4011304,10
4016401,4021401,10
4016402,4021402,10
4016403,4021403,10
4016404,4021404,10
4017101,4018101,1
4017102,4018102,1
4017103,4018103,1
4017104,4018104,1
4017201,4018201,1
4017202,4018202,1
4017203,4018203,1
4017204,4018204,1
4017301,4018301,1
4017302,4018302,1
4017303,4018303,1
4017304,4018304,1
4017401,4018401,1
4017402,4018402,1
4017403,4018403,1
4017404,4018404,1
4018101,4011101,4
4018102,4011102,4
4018103,4011103,4
4018104,4011104,4
4018201,4011201,4
4018202,4011202,4
4018203,4011203,4
4018204,4011204,4
4018301,4011301,4
4018302,4011302,4
4018303,4011303,4
4018304,4011304,4
4018401,4021401,4
4018402,4021402,4
4018403,4021403,4
4018404,4021404,4
4021401,4021401,9999
4021402,4021402,9999
4021403,4021403,9999
4021404,4021404,9999
4021405,4021405,9999
4021406,4021406,9999
4022101,4011101,10
4022102,4011102,10
4022103,4011103,10
4022104,4011104,10
4022105,4011105,10
4022106,4011106,10
4022201,4011201,10
4022202,4011202,10
4022203,4011203,10
4022204,4011204,10
4022205,4011205,10
4022206,4011206,10
4022301,4011301,10
4022302,4011302,10
4022303,4011303,10
4022304,4011304,10
4022305,4011305,10
4022306,4011306,10
4022401,4021401,10
4022402,4021402,10
4022403,4021403,10
4022404,4021404,10
4022405,4021405,10
4022406,4021406,10
4023101,4024101,1
4023102,4024102,1
4023103,4024103,1
4023104,4024104,1
4023105,4024105,1
4023106,4024106,1
4023201,4024201,1
4023202,4024202,1
4023203,4024203,1
4023204,4024204,1
4023205,4024205,1
4023206,4024206,1
4023301,4024301,1
4023302,4024302,1
4023303,4024303,1
4023304,4024304,1
4023305,4024305,1
4023306,4024306,1
4023401,4024401,1
4023402,4024402,1
4023403,4024403,1
4023404,4024404,1
4023405,4024405,1
4023406,4024406,1
4024101,4011101,4
4024102,4011102,4
4024103,4011103,4
4024104,4011104,4
4024105,4011105,4
4024106,4011106,4
4024201,4011201,4
4024202,4011202,4
4024203,4011203,4
4024204,4011204,4
4024205,4011205,4
4024206,4011206,4
4024301,4011301,4
4024302,4011302,4
4024303,4011303,4
4024304,4011304,4
4024305,4011305,4
4024306,4011306,4
4024401,4021401,4
4024402,4021402,4
4024403,4021403,4
4024404,4021404,4
4024405,4021405,4
4024406,4021406,4
4031401,4031401,9999
4031402,4031402,9999
4031403,4031403,9999
4031404,4031404,9999
4031405,4031405,9999
4031406,4031406,9999
4032101,4011101,10
4032102,4011102,10
4032103,4011103,10
4032104,4011104,10
4032105,4011105,10
4032106,4011106,10
4032201,4011201,10
4032202,4011202,10
4032203,4011203,10
4032204,4011204,10
4032205,4011205,10
4032206,4011206,10
4032301,4011301,10
4032302,4011302,10
4032303,4011303,10
4032304,4011304,10
4032305,4011305,10
4032306,4011306,10
4032401,4031401,10
4032402,4031402,10
4032403,4031403,10
4032404,4031404,10
4032405,4031405,10
4032406,4031406,10
4033101,4034101,1
4033102,4034102,1
4033103,4034103,1
4033104,4034104,1
4033105,4034105,1
4033106,4034106,1
4033201,4034201,1
4033202,4034202,1
4033203,4034203,1
4033204,4034204,1
4033205,4034205,1
4033206,4034206,1
4033301,4034301,1
4033302,4034302,1
4033303,4034303,1
4033304,4034304,1
4033305,4034305,1
4033306,4034306,1
4033401,4034401,1
4033402,4034402,1
4033403,4034403,1
4033404,4034404,1
4033405,4034405,1
4033406,4034406,1
4034101,4011101,4
4034102,4011102,4
4034103,4011103,4
4034104,4011104,4
4034105,4011105,4
4034106,4011106,4
4034201,4011201,4
4034202,4011202,4
4034203,4011203,4
4034204,4011204,4
4034205,4011205,4
4034206,4011206,4
4034301,4011301,4
4034302,4011302,4
4034303,4011303,4
4034304,4011304,4
4034305,4011305,4
4034306,4011306,4
4034401,4031401,4
4034402,4031402,4
4034403,4031403,4
4034404,4031404,4
4034405,4031405,4
4034406,4031406,4
4041401,4041401,9999
4041402,4041402,9999
4041403,4041403,9999
4041404,4041404,9999
4041405,4041405,9999
4041406,4041406,9999
4042101,4011101,10
4042102,4011102,10
4042103,4011103,10
4042104,4011104,10
4042105,4011105,10
4042106,4011106,10
4042201,4011201,10
4042202,4011202,10
4042203,4011203,10
4042204,4011204,10
4042205,4011205,10
4042206,4011206,10
4042301,4011301,10
4042302,4011302,10
4042303,4011303,10
4042304,4011304,10
4042305,4011305,10
4042306,4011306,10
4042401,4041401,10
4042402,4041402,10
4042403,4041403,10
4042404,4041404,10
4042405,4041405,10
4042406,4041406,10
4043101,4044101,1
4043102,4044102,1
4043103,4044103,1
4043104,4044104,1
4043105,4044105,1
4043106,4044106,1
4043201,4044201,1
4043202,4044202,1
4043203,4044203,1
4043204,4044204,1
4043205,4044205,1
4043206,4044206,1
4043301,4044301,1
4043302,4044302,1
4043303,4044303,1
4043304,4044304,1
4043305,4044305,1
4043306,4044306,1
4043401,4044401,1
4043402,4044402,1
4043403,4044403,1
4043404,4044404,1
4043405,4044405,1
4043406,4044406,1
4044101,4011101,4
4044102,4011102,4
4044103,4011103,4
4044104,4011104,4
4044105,4011105,4
4044106,4011106,4
4044201,4011201,4
4044202,4011202,4
4044203,4011203,4
4044204,4011204,4
4044205,4011205,4
4044206,4011206,4
4044301,4011301,4
4044302,4011302,4
4044303,4011303,4
4044304,4011304,4
4044305,4011305,4
4044306,4011306,4
4044401,4041401,4
4044402,4041402,4
4044403,4041403,4
4044404,4041404,4
4044405,4041405,4
4044406,4041406,4
4045401,4045401,9999
4045402,4045402,9999
4045403,4045403,9999
4045404,4045404,9999
4046101,4011101,10
4046102,4011102,10
4046103,4011103,10
4046104,4011104,10
4046201,4011201,10
4046202,4011202,10
4046203,4011203,10
4046204,4011204,10
4046301,4011301,10
4046302,4011302,10
4046303,4011303,10
4046304,4011304,10
4046401,4041401,10
4046402,4041402,10
4046403,4041403,10
4046404,4041404,10
4047101,4048101,1
4047102,4048102,1
4047103,4048103,1
4047104,4048104,1
4047201,4048201,1
4047202,4048202,1
4047203,4048203,1
4047204,4048204,1
4047301,4048301,1
4047302,4048302,1
4047303,4048303,1
4047304,4048304,1
4047401,4048401,1
4047402,4048402,1
4047403,4048403,1
4047404,4048404,1
4048101,4011101,4
4048102,4011102,4
4048103,4011103,4
4048104,4011104,4
4048201,4011201,4
4048202,4011202,4
4048203,4011203,4
4048204,4011204,4
4048301,4011301,4
4048302,4011302,4
4048303,4011303,4
4048304,4011304,4
4048401,4041401,4
4048402,4041402,4
4048403,4041403,4
4048404,4041404,4
5079000,5079000,9999
5089000,5089000,9999
5099000,5099000,9999
6000000,6000000,9999
