fuelbed,more_fire,less_fire1,less_fire2,crown_fire,mfri_start,mfri_end
1011101,1011101,1011201,-1,1011101,1,3
1011102,1011102,1011202,-1,1011101,1,3
1011103,1011103,1011203,-1,1011101,1,3
1011104,1011104,1011204,-1,1011101,1,3
1011105,1011105,1011205,-1,1011101,1,3
1011106,1011106,1011206,-1,1011101,1,3
1011201,1011101,1011301,-1,1011101,4,8
1011202,1011102,1011302,-1,1011101,4,8
1011203,1011103,1011303,-1,1011101,4,8
1011204,1011104,1011304,-1,1011101,4,8
1011205,1011105,1011305,-1,1011101,4,8
1011206,1011106,1011306,-1,1011101,4,8
1011301,1011201,1051401,-1,1011101,9,20
1011302,1011202,1051402,-1,1011101,9,20
1011303,1011203,1051403,-1,1011101,9,20
1011304,1011204,1051404,-1,1011101,9,20
1011305,1011205,1051405,-1,1011101,9,20
1011306,1011206,1051406,-1,1011101,9,20
1012101,1012101,1012201,-1,1011101,1,3
1012102,1012102,1012202,-1,1011101,1,3
1012103,1012103,1012203,-1,1011101,1,3
1012104,1012104,1012204,-1,1011101,1,3
1012105,1012105,1012205,-1,1011101,1,3
1012106,1012106,1012206,-1,1011101,1,3
1012201,1012101,1012301,-1,1011101,4,8
1012202,1012102,1012302,-1,1011101,4,8
1012203,1012103,1012303,-1,1011101,4,8
1012204,1012104,1012304,-1,1011101,4,8
1012205,1012105,1012305,-1,1011101,4,8
1012206,1012106,1012306,-1,1011101,4,8
1012301,1012201,1012401,-1,1011101,9,20
1012302,1012202,1012402,-1,1011101,9,20
1012303,1012203,1012403,-1,1011101,9,20
1012304,1012204,1012404,-1,1011101,9,20
1012305,1012205,1012405,-1,1011101,9,20
1012306,1012206,1012406,-1,1011101,9,20
1012401,1012301,1012401,-1,1011101,21,32
1012402,1012302,1012402,-1,1011101,21,32
1012403,1012303,1012403,-1,1011101,21,32
1012404,1012304,1012404,-1,1011101,21,32
1012405,1012305,1012405,-1,1011101,21,32
1012406,1012306,1012406,-1,1011101,21,32
1013101,1013101,1013201,-1,1011101,1,3
1013102,1013102,1013202,-1,1011101,1,3
1013103,1013103,1013203,-1,1011101,1,3
1013104,1013104,1013204,-1,1011101,1,3
1013105,1013105,1013205,-1,1011101,1,3
1013106,1013106,1013206,-1,1011101,1,3
1013201,1013101,1013301,-1,1011101,4,8
1013202,1013102,1013302,-1,1011101,4,8
1013203,1013103,1013303,-1,1011101,4,8
1013204,1013104,1013304,-1,1011101,4,8
1013205,1013105,1013305,-1,1011101,4,8
1013206,1013106,1013306,-1,1011101,4,8
1013301,1013201,1013401,-1,1011101,9,20
1013302,1013202,1013402,-1,1011101,9,20
1013303,1013203,1013403,-1,1011101,9,20
1013304,1013204,1013404,-1,1011101,9,20
1013305,1013205,1013405,-1,1011101,9,20
1013306,1013206,1013406,-1,1011101,9,20
1013401,1013301,1013401,-1,1011101,21,32
1013402,1013302,1013402,-1,1011101,21,32
1013403,1013303,1013403,-1,1011101,21,32
1013404,1013304,1013404,-1,1011101,21,32
1013405,1013305,1013405,-1,1011101,21,32
1013406,1013306,1013406,-1,1011101,21,32
1014101,1014101,1014201,-1,1011101,1,3
1014102,1014102,1014202,-1,1011101,1,3
1014103,1014103,1014203,-1,1011101,1,3
1014104,1014104,1014204,-1,1011101,1,3
1014105,1014105,1014205,-1,1011101,1,3
1014106,1014106,1014206,-1,1011101,1,3
1014201,1014101,1014301,-1,1011101,4,8
1014202,1014102,1014302,-1,1011101,4,8
1014203,1014103,1014303,-1,1011101,4,8
1014204,1014104,1014304,-1,1011101,4,8
1014205,1014105,1014305,-1,1011101,4,8
1014206,1014106,1014306,-1,1011101,4,8
1014301,1014201,1014401,-1,1011101,9,20
1014302,1014202,1014402,-1,1011101,9,20
1014303,1014203,1014403,-1,1011101,9,20
1014304,1014204,1014404,-1,1011101,9,20
1014305,1014205,1014405,-1,1011101,9,20
1014306,1014206,1014406,-1,1011101,9,20
1014401,1014301,1014401,-1,1011101,21,32
1014402,1014302,1014402,-1,1011101,21,32
1014403,1014303,1014403,-1,1011101,21,32
1014404,1014304,1014404,-1,1011101,21,32
1014405,1014305,1014405,-1,1011101,21,32
1014406,1014306,1014406,-1,1011101,21,32
1015101,1015101,1015201,-1,1015401,1,3
1015102,1015102,1015202,-1,1015401,1,3
1015103,1015103,1015203,-1,1015401,1,3
1015104,1015104,1015204,-1,1015401,1,3
1015201,1015101,1015301,-1,1015401,4,8
1015202,1015102,1015302,-1,1015401,4,8
1015203,1015103,1015303,-1,1015401,4,8
1015204,1015104,1015304,-1,1015401,4,8
1015301,1015201,1015401,-1,1015401,9,20
1015302,1015302,1015402,-1,1015401,9,20
1015303,1015203,1015403,-1,1015401,9,20
1015304,1015204,1015404,-1,1015401,9,20
1015401,1015401,1015401,-1,1015401,21,32
1015402,1015302,1015402,-1,1015401,21,32
1015403,1015303,1015403,-1,1015401,21,32
1015404,1015304,1015404,-1,1015401,21,32
1016101,1016101,1016201,-1,4041401,1,3
1016102,1016102,1016202,-1,4041401,1,3
1016103,1016103,1016203,-1,1015401,1,3
1016104,1016104,1016204,-1,1015401,1,3
1016201,1016201,1016201,-1,1015401,4,8
1016202,1016202,1016202,-1,1015401,4,8
1016203,1016103,1016303,-1,1015401,4,8
1016204,1016104,1016304,-1,1015401,4,8
1016301,1016301,1016401,-1,4041401,9,20
1016302,1016302,1016402,-1,1015401,9,20
1016303,1016203,1016403,-1,1015401,9,20
1016304,1016204,1016404,-1,1015401,9,20
1016401,1016401,1016401,-1,1015401,21,32
1016402,1016302,1016402,-1,1015401,21,32
1016403,1016303,1016403,-1,1015401,21,32
1016404,1016304,1016404,-1,1015401,21,32
1017101,1017101,1017201,-1,4041401,1,3
1017102,1017102,1017202,-1,4041401,1,3
1017103,1017103,1017203,-1,1015401,1,3
1017104,1017104,1017204,-1,1015401,1,3
1017201,1017101,1017301,-1,4041401,4,8
1017202,1017102,1017302,-1,4041401,4,8
1017203,1017103,1017303,-1,1015401,4,8
1017204,1017104,1017304,-1,1015401,4,8
1017301,1017301,1017401,-1,4041401,9,20
1017302,1017302,1017402,-1,1015401,9,20
1017303,1017203,1017403,-1,1015401,9,20
1017304,1017204,1017404,-1,1015401,9,20
1017401,1017401,1017401,-1,1015401,21,32
1017402,1017302,1017402,-1,1015401,21,32
1017403,1017303,1017403,-1,1015401,21,32
1017404,1017304,1017404,-1,1015401,21,32
1018101,1018101,1018201,-1,4041401,1,3
1018102,1018102,1018202,-1,4041401,1,3
1018103,1018103,1018203,-1,1015401,1,3
1018104,1018104,1018204,-1,1015401,1,3
1018201,1018101,1018301,-1,4041401,4,8
1018202,1018102,1018302,-1,4041401,4,8
1018203,1018103,1018303,-1,1015401,4,8
1018204,1018104,1018304,-1,1015401,4,8
1018301,1018301,1018401,-1,4041401,9,20
1018302,1018302,1018402,-1,1015401,9,20
1018303,1018203,1018403,-1,1015401,9,20
1018304,1018204,1018404,-1,1015401,9,20
1018401,1018401,1018401,-1,1015401,21,32
1018402,1018302,1018402,-1,1015401,21,32
1018403,1018303,1018403,-1,1015401,21,32
1018404,1018304,1018404,-1,1015401,21,32
1031401,1031401,1031401,-1,1031401,21,32
1031402,1031402,1031402,-1,1031401,21,32
1031403,1031403,1031403,-1,1031401,21,32
1031404,1031404,1031404,-1,1031401,21,32
1031405,1031405,1031405,-1,1031401,21,32
1031406,1031406,1031406,-1,1031401,21,32
1032101,1032101,1032201,-1,1031401,1,3
1032102,1032102,1032202,-1,1031401,1,3
1032103,1032103,1032203,-1,1031401,1,3
1032104,1032104,1032204,-1,1031401,1,3
1032105,1032105,1032205,-1,1031401,1,3
1032106,1032106,1032206,-1,1031401,1,3
1032201,1032101,1032301,-1,1031401,4,8
1032202,1032102,1032302,-1,1031401,4,8
1032203,1032103,1032303,-1,1031401,4,8
1032204,1032104,1032304,-1,1031401,4,8
1032205,1032105,1032305,-1,1031401,4,8
1032206,1032106,1032306,-1,1031401,4,8
1032301,1032201,1032401,-1,1031401,9,20
1032302,1032202,1032402,-1,1031401,9,20
1032303,1032203,1032403,-1,1031401,9,20
1032304,1032204,1032404,-1,1031401,9,20
1032305,1032205,1032405,-1,1031401,9,20
1032306,1032206,1032406,-1,1031401,9,20
1032401,1012301,1032401,-1,1031401,21,32
1032402,1012302,1032402,-1,1031401,21,32
1032403,1012303,1032403,-1,1031401,21,32
1032404,1012304,1032404,-1,1031401,21,32
1032405,1012305,1032405,-1,1031401,21,32
1032406,1012306,1032406,-1,1031401,21,32
1033101,1033101,1033201,-1,1031401,1,3
1033102,1033102,1033202,-1,1031401,1,3
1033103,1033103,1033203,-1,1031401,1,3
1033104,1033104,1033204,-1,1031401,1,3
1033105,1033105,1033205,-1,1031401,1,3
1033106,1033106,1033206,-1,1031401,1,3
1033201,1033101,1033301,-1,1031401,4,8
1033202,1033102,1033302,-1,1031401,4,8
1033203,1033103,1033303,-1,1031401,4,8
1033204,1033104,1033304,-1,1031401,4,8
1033205,1033105,1033305,-1,1031401,4,8
1033206,1033106,1033306,-1,1031401,4,8
1033301,1033201,1033401,-1,1031401,9,20
1033302,1033202,1033402,-1,1031401,9,20
1033303,1033203,1033403,-1,1031401,9,20
1033304,1033204,1033404,-1,1031401,9,20
1033305,1033205,1033405,-1,1031401,9,20
1033306,1033206,1033406,-1,1031401,9,20
1033401,1013301,1033401,-1,1031401,21,32
1033402,1013302,1033402,-1,1031401,21,32
1033403,1013303,1033403,-1,1031401,21,32
1033404,1013304,1033404,-1,1031401,21,32
1033405,1013305,1033405,-1,1031401,21,32
1033406,1013306,1033406,-1,1031401,21,32
1034101,1034101,1034201,-1,1031401,1,3
1034102,1034102,1034202,-1,1031401,1,3
1034103,1034103,1034203,-1,1031401,1,3
1034104,1034104,1034204,-1,1031401,1,3
1034105,1034105,1034205,-1,1031401,1,3
1034106,1034106,1034206,-1,1031401,1,3
1034201,1034101,1034301,-1,1031401,4,8
1034202,1034102,1034302,-1,1031401,4,8
1034203,1034103,1034303,-1,1031401,4,8
1034204,1034104,1034304,-1,1031401,4,8
1034205,1034105,1034305,-1,1031401,4,8
1034206,1034106,1034306,-1,1031401,4,8
1034301,1034201,1034401,-1,1031401,9,20
1034302,1034202,1034402,-1,1031401,9,20
1034303,1034203,1034403,-1,1031401,9,20
1034304,1034204,1034404,-1,1031401,9,20
1034305,1034205,1034405,-1,1031401,9,20
1034306,1034206,1034406,-1,1031401,9,20
1034401,1014301,1034401,-1,1031401,21,32
1034402,1014302,1034402,-1,1031401,21,32
1034403,1014303,1034403,-1,1031401,21,32
1034404,1014304,1034404,-1,1031401,21,32
1034405,1014305,1034405,-1,1031401,21,32
1034406,1014306,1034406,-1,1031401,21,32
1051401,1051401,1051401,-1,1051401,21,32
1051402,1051402,1051402,-1,1051401,21,32
1051403,1051403,1051403,-1,1051401,21,32
1051404,1051404,1051404,-1,1051401,21,32
1051405,1051405,1051405,-1,1051401,21,32
1051406,1051406,1051406,-1,1051401,21,32
1052101,1052101,1052201,-1,1051401,21,32
1052102,1052102,1052202,-1,1051401,21,32
1052103,1052103,1052203,-1,1051401,21,32
1052104,1052104,1052204,-1,1051401,21,32
1052105,1052105,1052205,-1,1051401,21,32
1052106,1052106,1052206,-1,1051401,21,32
1052201,1052101,1052301,-1,1051401,21,32
1052202,1052102,1052302,-1,1051401,21,32
1052203,1052103,1052303,-1,1051401,21,32
1052204,1052104,1052304,-1,1051401,21,32
1052205,1052105,1052305,-1,1051401,21,32
1052206,1052106,1052306,-1,1051401,21,32
1052301,1052201,1052401,-1,1051401,9,20
1052302,1052202,1052402,-1,1051401,9,20
1052303,1052203,1052403,-1,1051401,9,20
1052304,1052204,1052404,-1,1051401,9,20
1052305,1052205,1052405,-1,1051401,9,20
1052306,1052206,1052406,-1,1051401,9,20
1052401,1012301,1052401,-1,1051401,21,32
1052402,1012302,1052402,-1,1051401,21,32
1052403,1012303,1052403,-1,1051401,21,32
1052404,1012304,1052404,-1,1051401,21,32
1052405,1012305,1052405,-1,1051401,21,32
1052406,1012306,1052406,-1,1051401,21,32
1053101,1053101,1053201,-1,1051401,1,3
1053102,1053102,1053202,-1,1051401,1,3
1053103,1053103,1053203,-1,1051401,1,3
1053104,1053104,1053204,-1,1051401,1,3
1053105,1053105,1053205,-1,1051401,1,3
1053106,1053106,1053206,-1,1051401,1,3
1053201,1053101,1053301,-1,1051401,4,8
1053202,1053102,1053302,-1,1051401,4,8
1053203,1053103,1053303,-1,1051401,4,8
1053204,1053104,1053304,-1,1051401,4,8
1053205,1053105,1053305,-1,1051401,4,8
1053206,1053106,1053306,-1,1051401,4,8
1053301,1053201,1053401,-1,1051401,9,20
1053302,1053202,1053402,-1,1051401,9,20
1053303,1053203,1053403,-1,1051401,9,20
1053304,1053204,1053404,-1,1051401,9,20
1053305,1053205,1053405,-1,1051401,9,20
1053306,1053206,1053406,-1,1051401,9,20
1053401,1013301,1053401,-1,1051401,21,32
1053402,1013302,1053402,-1,1051401,21,32
1053403,1013303,1053403,-1,1051401,21,32
1053404,1013304,1053404,-1,1051401,21,32
1053405,1013305,1053405,-1,1051401,21,32
1053406,1013306,1053406,-1,1051401,21,32
1054101,1054101,1054201,-1,1051401,1,3
1054102,1054102,1054202,-1,1051401,1,3
1054103,1054103,1054203,-1,1051401,1,3
1054104,1054104,1054204,-1,1051401,1,3
1054105,1054105,1054205,-1,1051401,1,3
1054106,1054106,1054206,-1,1051401,1,3
1054201,1054101,1054301,-1,1051401,4,8
1054202,1054102,1054302,-1,1051401,4,8
1054203,1054103,1054303,-1,1051401,4,8
1054204,1054104,1054304,-1,1051401,4,8
1054205,1054105,1054305,-1,1051401,4,8
1054206,1054106,1054306,-1,1051401,4,8
1054301,1054201,1054401,-1,1051401,9,20
1054302,1054202,1054402,-1,1051401,9,20
1054303,1054203,1054403,-1,1051401,9,20
1054304,1054204,1054404,-1,1051401,9,20
1054305,1054205,1054405,-1,1051401,9,20
1054306,1054206,1054406,-1,1051401,9,20
1054401,1014301,1054401,-1,1051401,21,32
1054402,1014302,1054402,-1,1051401,21,32
1054403,1014303,1054403,-1,1051401,21,32
1054404,1014304,1054404,-1,1051401,21,32
1054405,1014305,1054405,-1,1051401,21,32
1054406,1014306,1054406,-1,1051401,21,32
1061401,1061401,1061401,-1,1061401,0,32
1069000,1069000,1069000,-1,1069000,0,32
1071401,1071401,1071401,-1,1071401,0,32
2011101,2011101,2011201,-1,2011101,1,3
2011102,2011102,2011202,-1,2011101,1,3
2011103,2011103,2011203,-1,2011101,1,3
2011104,2011104,2011204,-1,2011101,1,3
2011105,2011105,2011205,-1,2011101,1,3
2011106,2011106,2011206,-1,2011101,1,3
2011201,2011101,2011301,-1,2011101,4,8
2011202,2011102,2011302,-1,2011101,4,8
2011203,2011103,2011303,-1,2011101,4,8
2011204,2011104,2011304,-1,2011101,4,8
2011205,2011105,2011305,-1,2011101,4,8
2011206,2011106,2011306,-1,2011101,4,8
2011301,2011201,1051401,2031401,2011101,9,20
2011302,2011202,1051402,2031402,2011101,9,20
2011303,2011203,1051403,2031403,2011101,9,20
2011304,2011204,1051404,2031404,2011101,9,20
2011305,2011205,1051405,2031405,2011101,9,20
2011306,2011206,1051406,2031406,2011101,9,20
2012101,2012101,2012201,-1,2011101,1,3
2012102,2012102,2012202,-1,2011101,1,3
2012103,2012103,2012203,-1,2011101,1,3
2012104,2012104,2012204,-1,2011101,1,3
2012105,2012105,2012205,-1,2011101,1,3
2012106,2012106,2012206,-1,2011101,1,3
2012201,2012101,2012301,-1,2011101,4,8
2012202,2012102,2012302,-1,2011101,4,8
2012203,2012103,2012303,-1,2011101,4,8
2012204,2012104,2012304,-1,2011101,4,8
2012205,2012105,2012305,-1,2011101,4,8
2012206,2012106,2012306,-1,2011101,4,8
2012301,2012201,2012401,-1,2011101,9,20
2012302,2012202,2012402,-1,2011101,9,20
2012303,2012203,2012403,-1,2011101,9,20
2012304,2012204,2012404,-1,2011101,9,20
2012305,2012205,2012405,-1,2011101,9,20
2012306,2012206,2012406,-1,2011101,9,20
2012401,2012301,2012401,-1,2011101,21,32
2012402,2012302,2012402,-1,2011101,21,32
2012403,2012303,2012403,-1,2011101,21,32
2012404,2012304,2012404,-1,2011101,21,32
2012405,2012305,2012405,-1,2011101,21,32
2012406,2012306,2012406,-1,2011101,21,32
2013101,2013101,2013201,-1,2011101,1,3
2013102,2013102,2013202,-1,2011101,1,3
2013103,2013103,2013203,-1,2011101,1,3
2013104,2013104,2013204,-1,2011101,1,3
2013105,2013105,2013205,-1,2011101,1,3
2013106,2013106,2013206,-1,2011101,1,3
2013201,2013101,2013301,-1,2011101,4,8
2013202,2013102,2013302,-1,2011101,4,8
2013203,2013103,2013303,-1,2011101,4,8
2013204,2013104,2013304,-1,2011101,4,8
2013205,2013105,2013305,-1,2011101,4,8
2013206,2013106,2013306,-1,2011101,4,8
2013301,2013201,2013401,-1,2011101,9,20
2013302,2013202,2013402,-1,2011101,9,20
2013303,2013203,2013403,-1,2011101,9,20
2013304,2013204,2013404,-1,2011101,9,20
2013305,2013205,2013405,-1,2011101,9,20
2013306,2013206,2013406,-1,2011101,9,20
2013401,2013301,2013401,-1,2011101,21,32
2013402,2013302,2013402,-1,2011101,21,32
2013403,2013303,2013403,-1,2011101,21,32
2013404,2013304,2013404,-1,2011101,21,32
2013405,2013305,2013405,-1,2011101,21,32
2013406,2013306,2013406,-1,2011101,21,32
2014101,2014101,2014201,-1,2011101,1,3
2014102,2014102,2014202,-1,2011101,1,3
2014103,2014103,2014203,-1,2011101,1,3
2014104,2014104,2014204,-1,2011101,1,3
2014105,2014105,2014205,-1,2011101,1,3
2014106,2014106,2014206,-1,2011101,1,3
2014201,2014101,2014301,-1,2011101,4,8
2014202,2014102,2014302,-1,2011101,4,8
2014203,2014103,2014303,-1,2011101,4,8
2014204,2014104,2014304,-1,2011101,4,8
2014205,2014105,2014305,-1,2011101,4,8
2014206,2014106,2014306,-1,2011101,4,8
2014301,2014201,2014401,-1,2011101,9,20
2014302,2014202,2014402,-1,2011101,9,20
2014303,2014203,2014403,-1,2011101,9,20
2014304,2014204,2014404,-1,2011101,9,20
2014305,2014205,2014405,-1,2011101,9,20
2014306,2014206,2014406,-1,2011101,9,20
2014401,2014301,2014401,-1,2011101,21,32
2014402,2014302,2014402,-1,2011101,21,32
2014403,2014303,2014403,-1,2011101,21,32
2014404,2014304,2014404,-1,2011101,21,32
2014405,2014305,2014405,-1,2011101,21,32
2014406,2014306,2014406,-1,2011101,21,32
2015101,2015101,2015201,-1,2015401,1,3
2015102,2015102,2015202,-1,2015401,1,3
2015103,2015103,2015203,-1,2015401,1,3
2015104,2015104,2015204,-1,2015401,1,3
2015201,2015101,2015301,-1,2015401,4,8
2015202,2015102,2015302,-1,2015401,4,8
2015203,2015203,2015303,-1,2015401,4,8
2015204,2015204,2015304,-1,2015401,4,8
2015301,2015201,2015401,-1,2015401,9,20
2015302,2015302,2015402,-1,2015401,9,20
2015303,2015203,2015403,-1,2015401,9,20
2015304,2015204,2015404,-1,2015401,9,20
2015401,2015401,2015401,-1,2015401,21,32
2015402,2015302,2015402,-1,2015401,21,32
2015403,2015303,2015403,-1,2015401,21,32
2015404,2015304,2015404,-1,2015401,21,32
2016101,2016101,2016201,-1,4041401,1,3
2016102,2016102,2016202,-1,4041401,1,3
2016103,2016103,2016203,-1,2015401,1,3
2016104,2016104,2016204,-1,2015401,1,3
2016201,2016201,2016201,-1,2015401,4,8
2016202,2016202,2016202,-1,2015401,4,8
2016203,2016103,2016303,-1,2015401,4,8
2016204,2016104,2016304,-1,2015401,4,8
2016301,2016301,2016401,-1,2015401,9,20
2016302,2016202,2016402,-1,4041401,9,20
2016303,2016203,2016403,-1,2015401,9,20
2016304,2016204,2016404,-1,2015401,9,20
2016401,2016401,2016401,-1,2015401,21,32
2016402,2016302,2016402,-1,2015401,21,32
2016403,2016303,2016403,-1,2015401,21,32
2016404,2016304,2016404,-1,2015401,21,32
2017101,2017101,2017201,-1,4041401,1,3
2017102,2017102,2017202,-1,4041401,1,3
2017103,2017103,2017203,-1,2015401,1,3
2017104,2017104,2017204,-1,2015401,1,3
2017201,2017101,2017301,-1,4041401,4,8
2017202,2017102,2017302,-1,4041401,4,8
2017203,2017103,2017303,-1,2015401,4,8
2017204,2017104,2017304,-1,2015401,4,8
2017301,2017301,2017401,-1,4041401,9,20
2017302,2017302,2017402,-1,2015401,9,20
2017303,2017203,2017403,-1,2015401,9,20
2017304,2017204,2017404,-1,2015401,9,20
2017401,2017401,2017401,-1,2015401,21,32
2017402,2017302,2017402,-1,2015401,21,32
2017403,2017303,2017403,-1,2015401,21,32
2017404,2017304,2017404,-1,2015401,21,32
2018101,2018101,2018201,-1,4041401,1,3
2018102,2018102,2018202,-1,4041401,1,3
2018103,2018103,2018203,-1,2015401,1,3
2018104,2018104,2018204,-1,2015401,1,3
2018201,2018101,2018301,-1,4041401,4,8
2018202,2018102,2018302,-1,4041401,4,8
2018203,2018103,2018303,-1,2015401,4,8
2018204,2018104,2018304,-1,2015401,4,8
2018301,2018301,2018401,-1,4041401,9,20
2018302,2018302,2018402,-1,2015401,9,20
2018303,2018203,2018403,-1,2015401,9,20
2018304,2018204,2018404,-1,2015401,9,20
2018401,2018401,2018401,-1,2015401,21,32
2018402,2018302,2018402,-1,2015401,21,32
2018403,2018303,2018403,-1,2015401,21,32
2018404,2018304,2018404,-1,2015401,21,32
2031401,2031401,2031401,-1,2031401,21,32
2031402,2031402,2031402,-1,2031401,21,32
2031403,2031403,2031403,-1,2031401,21,32
2031404,2031404,2031404,-1,2031401,21,32
2031405,2031405,2031405,-1,2031401,21,32
2031406,2031406,2031406,-1,2031401,21,32
2032101,2032101,2032201,-1,2031401,1,3
2032102,2032102,2032202,-1,2031401,1,3
2032103,2032103,2032203,-1,2031401,1,3
2032104,2032104,2032204,-1,2031401,1,3
2032105,2032105,2032205,-1,2031401,1,3
2032106,2032106,2032206,-1,2031401,1,3
2032201,2032101,2032301,-1,2031401,4,8
2032202,2032102,2032302,-1,2031401,4,8
2032203,2032103,2032303,-1,2031401,4,8
2032204,2032104,2032304,-1,2031401,4,8
2032205,2032105,2032305,-1,2031401,4,8
2032206,2032106,2032306,-1,2031401,4,8
2032301,2032201,2032401,-1,2031401,9,20
2032302,2032202,2032402,-1,2031401,9,20
2032303,2032203,2032403,-1,2031401,9,20
2032304,2032204,2032404,-1,2031401,9,20
2032305,2032205,2032405,-1,2031401,9,20
2032306,2032206,2032406,-1,2031401,9,20
2032401,2032301,2032401,-1,2031401,21,32
2032402,2032302,2032402,-1,2031401,21,32
2032403,2032303,2032403,-1,2031401,21,32
2032404,2032304,2032404,-1,2031401,21,32
2032405,2032305,2032405,-1,2031401,21,32
2032406,2032306,2032406,-1,2031401,21,32
2033101,2033101,2033201,-1,2031401,1,3
2033102,2033102,2033202,-1,2031401,1,3
2033103,2033103,2033203,-1,2031401,1,3
2033104,2033104,2033204,-1,2031401,1,3
2033105,2033105,2033205,-1,2031401,1,3
2033106,2033106,2033206,-1,2031401,1,3
2033201,2033101,2033301,-1,2031401,4,8
2033202,2033102,2033302,-1,2031401,4,8
2033203,2033103,2033303,-1,2031401,4,8
2033204,2033104,2033304,-1,2031401,4,8
2033205,2033105,2033305,-1,2031401,4,8
2033206,2033106,2033306,-1,2031401,4,8
2033301,2033201,2033401,-1,2031401,9,20
2033302,2033202,2033402,-1,2031401,9,20
2033303,2033203,2033403,-1,2031401,9,20
2033304,2033204,2033404,-1,2031401,9,20
2033305,2033205,2033405,-1,2031401,9,20
2033306,2033206,2033406,-1,2031401,9,20
2033401,2033301,2033401,-1,2031401,21,32
2033402,2033302,2033402,-1,2031401,21,32
2033403,2033303,2033403,-1,2031401,21,32
2033404,2033304,2033404,-1,2031401,21,32
2033405,2033305,2033405,-1,2031401,21,32
2033406,2033306,2033406,-1,2031401,21,32
2034101,2034101,2034201,-1,2031401,1,3
2034102,2034102,2034202,-1,2031401,1,3
2034103,2034103,2034203,-1,2031401,1,3
2034104,2034104,2034204,-1,2031401,1,3
2034105,2034105,2034205,-1,2031401,1,3
2034106,2034106,2034206,-1,2031401,1,3
2034201,2034101,2034301,-1,2031401,4,8
2034202,2034102,2034302,-1,2031401,4,8
2034203,2034103,2034303,-1,2031401,4,8
2034204,2034104,2034304,-1,2031401,4,8
2034205,2034105,2034305,-1,2031401,4,8
2034206,2034106,2034306,-1,2031401,4,8
2034301,2034201,2034401,-1,2031401,9,20
2034302,2034202,2034402,-1,2031401,9,20
2034303,2034203,2034403,-1,2031401,9,20
2034304,2034204,2034404,-1,2031401,9,20
2034305,2034205,2034405,-1,2031401,9,20
2034306,2034206,2034406,-1,2031401,9,20
2034401,2034301,2034401,-1,2031401,21,32
2034402,2034302,2034402,-1,2031401,21,32
2034403,2034303,2034403,-1,2031401,21,32
2034404,2034304,2034404,-1,2031401,21,32
2034405,2034305,2034405,-1,2031401,21,32
2034406,2034306,2034406,-1,2031401,21,32
3011101,3011101,3011201,-1,3011101,1,3
3011102,3011102,3011202,-1,3011101,1,3
3011103,3011103,3011203,-1,3011101,1,3
3011104,3011104,3011204,-1,3011101,1,3
3011105,3011105,3011205,-1,3011101,1,3
3011106,3011106,3011206,-1,3011101,1,3
3011201,3011101,3011301,-1,3011101,4,8
3011202,3011102,3011302,-1,3011101,4,8
3011203,3011103,3011303,-1,3011101,4,8
3011204,3011104,3011304,-1,3011101,4,8
3011205,3011105,3011305,-1,3011101,4,8
3011206,3011106,3011306,-1,3011101,4,8
3011301,3011201,3021401,-1,3011101,9,20
3011302,3011202,3021402,-1,3011101,9,20
3011303,3011203,3021403,-1,3011101,9,20
3011304,3011204,3021404,-1,3011101,9,20
3011305,3011205,3021405,-1,3011101,9,20
3011306,3011206,3021406,-1,3011101,9,20
3012101,3012101,3012201,-1,3011101,1,3
3012102,3012102,3012202,-1,3011101,1,3
3012103,3012103,3012203,-1,3011101,1,3
3012104,3012104,3012204,-1,3011101,1,3
3012105,3012105,3012205,-1,3011101,1,3
3012106,3012106,3012206,-1,3011101,1,3
3012201,3012101,3012301,-1,3011101,4,8
3012202,3012102,3012302,-1,3011101,4,8
3012203,3012103,3012303,-1,3011101,4,8
3012204,3012104,3012304,-1,3011101,4,8
3012205,3012105,3012305,-1,3011101,4,8
3012206,3012106,3012306,-1,3011101,4,8
3012301,3012201,3012401,-1,3011101,9,20
3012302,3012202,3012402,-1,3011101,9,20
3012303,3012203,3012403,-1,3011101,9,20
3012304,3012204,3012404,-1,3011101,9,20
3012305,3012205,3012405,-1,3011101,9,20
3012306,3012206,3012406,-1,3011101,9,20
3012401,3012301,3012401,-1,3011101,21,32
3012402,3012302,3012402,-1,3011101,21,32
3012403,3012303,3012403,-1,3011101,21,32
3012404,3012304,3012404,-1,3011101,21,32
3012405,3012305,3012405,-1,3011101,21,32
3012406,3012306,3012406,-1,3011101,21,32
3013101,3013101,3013201,-1,3011101,1,3
3013102,3013102,3013202,-1,3011101,1,3
3013103,3013103,3013203,-1,3011101,1,3
3013104,3013104,3013204,-1,3011101,1,3
3013105,3013105,3013205,-1,3011101,1,3
3013106,3013106,3013206,-1,3011101,1,3
3013201,3013101,3013301,-1,3011101,4,8
3013202,3013102,3013302,-1,3011101,4,8
3013203,3013103,3013303,-1,3011101,4,8
3013204,3013104,3013304,-1,3011101,4,8
3013205,3013105,3013305,-1,3011101,4,8
3013206,3013106,3013306,-1,3011101,4,8
3013301,3013201,3013401,-1,3011101,9,20
3013302,3013202,3013402,-1,3011101,9,20
3013303,3013203,3013403,-1,3011101,9,20
3013304,3013204,3013404,-1,3011101,9,20
3013305,3013205,3013405,-1,3011101,9,20
3013306,3013206,3013406,-1,3011101,9,20
3013401,3013301,3013401,-1,3011101,21,32
3013402,3013302,3013402,-1,3011101,21,32
3013403,3013303,3013403,-1,3011101,21,32
3013404,3013304,3013404,-1,3011101,21,32
3013405,3013305,3013405,-1,3011101,21,32
3013406,3013306,3013406,-1,3011101,21,32
3014101,3014101,3014201,-1,3011101,1,3
3014102,3014102,3014202,-1,3011101,1,3
3014103,3014103,3014203,-1,3011101,1,3
3014104,3014104,3014204,-1,3011101,1,3
3014105,3014105,3014205,-1,3011101,1,3
3014106,3014106,3014206,-1,3011101,1,3
3014201,3014101,3014301,-1,3011101,4,8
3014202,3014102,3014302,-1,3011101,4,8
3014203,3014103,3014303,-1,3011101,4,8
3014204,3014104,3014304,-1,3011101,4,8
3014205,3014105,3014305,-1,3011101,4,8
3014206,3014106,3014306,-1,3011101,4,8
3014301,3014201,3014401,-1,3011101,9,20
3014302,3014202,3014402,-1,3011101,9,20
3014303,3014203,3014403,-1,3011101,9,20
3014304,3014204,3014404,-1,3011101,9,20
3014305,3014205,3014405,-1,3011101,9,20
3014306,3014206,3014406,-1,3011101,9,20
3014401,3014301,3014401,-1,3011101,21,32
3014402,3014302,3014402,-1,3011101,21,32
3014403,3014303,3014403,-1,3011101,21,32
3014404,3014304,3014404,-1,3011101,21,32
3014405,3014305,3014405,-1,3011101,21,32
3014406,3014306,3014406,-1,3011101,21,32
3015103,3015103,3015203,-1,3015401,1,3
3015104,3015104,3015204,-1,3015401,1,3
3015203,3015103,3015303,-1,3015401,4,8
3015204,3015104,3015304,-1,3015401,4,8
3015302,3015302,3015402,-1,3015401,9,20
3015303,3015203,3015403,-1,3015401,9,20
3015304,3015204,3015404,-1,3015401,9,20
3015401,3015401,3015401,-1,3015401,21,32
3015402,3015302,3015402,-1,3015401,21,32
3015403,3015303,3015403,-1,3015401,21,32
3015404,3015304,3015404,-1,3015401,21,32
3016101,3016101,3016201,-1,4041401,1,3
3016102,3016102,3016202,-1,4041401,1,3
3016103,3016103,3016203,-1,3015401,1,3
3016104,3016104,3016204,-1,3015401,1,3
3016201,3016201,3016201,-1,3015401,4,8
3016202,3016202,3016202,-1,3015401,4,8
3016203,3016103,3016303,-1,3015401,4,8
3016204,3016104,3016304,-1,3015401,4,8
3016301,3016301,3016401,-1,4041401,9,20
3016302,3016302,3016402,-1,3015401,9,20
3016303,3016203,3016403,-1,3015401,9,20
3016304,3016204,3016404,-1,3015401,9,20
3016401,3016401,3016401,-1,3015401,21,32
3016402,3016302,3016402,-1,3015401,21,32
3016403,3016303,3016403,-1,3015401,21,32
3016404,3016304,3016404,-1,3015401,21,32
3017101,3017101,3017201,-1,4041401,1,3
3017102,3017102,3017202,-1,4041401,1,3
3017103,3017103,3017203,-1,3015401,1,3
3017104,3017104,3017204,-1,3015401,1,3
3017201,3017101,3017301,-1,4041401,4,8
3017202,3017102,3017302,-1,4041401,4,8
3017203,3017103,3017303,-1,3015401,4,8
3017204,3017104,3017304,-1,3015401,4,8
3017301,3017301,3017401,-1,4041401,9,20
3017302,3017302,3017402,-1,3015401,9,20
3017303,3017203,3017403,-1,3015401,9,20
3017304,3017204,3017404,-1,3015401,9,20
3017401,3017401,3017401,-1,3015401,21,32
3017402,3017302,3017402,-1,3015401,21,32
3017403,3017303,3017403,-1,3015401,21,32
3017404,3017304,3017404,-1,3015401,21,32
3018101,3018101,3018201,-1,4041401,1,3
3018102,3018102,3018202,-1,4041401,1,3
3018103,3018103,3018203,-1,3015401,1,3
3018104,3018104,3018204,-1,3015401,1,3
3018201,3018101,3018301,-1,4041401,4,8
3018202,3018102,3018302,-1,4041401,4,8
3018203,3018103,3018303,-1,3015401,4,8
3018204,3018104,3018304,-1,3015401,4,8
3018301,3018301,3018401,-1,4041401,9,20
3018302,3018302,3018402,-1,3015401,9,20
3018303,3018203,3018403,-1,3015401,9,20
3018304,3018204,3018404,-1,3015401,9,20
3018401,3018401,3018401,-1,3015401,21,32
3018402,3018302,3018402,-1,3015401,21,32
3018403,3018303,3018403,-1,3015401,21,32
3018404,3018304,3018404,-1,3015401,21,32
3021401,3021401,3021401,-1,3011101,21,32
3021402,3021402,3021402,-1,3011101,21,32
3021403,3021403,3021403,-1,3011101,21,32
3021404,3021404,3021404,-1,3011101,21,32
3021405,3021405,3021405,-1,3011101,21,32
3021406,3021406,3021406,-1,3011101,21,32
3022101,3022101,3022201,-1,3011101,1,3
3022102,3022102,3022202,-1,3011101,1,3
3022103,3022103,3022203,-1,3011101,1,3
3022104,3022104,3022204,-1,3011101,1,3
3022105,3022105,3022205,-1,3011101,1,3
3022106,3022106,3022206,-1,3011101,1,3
3022201,3022101,3022301,-1,3011101,4,8
3022202,3022102,3022302,-1,3011101,4,8
3022203,3022103,3022303,-1,3011101,4,8
3022204,3022104,3022304,-1,3011101,4,8
3022205,3022105,3022305,-1,3011101,4,8
3022206,3022106,3022306,-1,3011101,4,8
3022301,3022201,3022401,-1,3011101,9,20
3022302,3022202,3022402,-1,3011101,9,20
3022303,3022203,3022403,-1,3011101,9,20
3022304,3022204,3022404,-1,3011101,9,20
3022305,3022205,3022405,-1,3011101,9,20
3022306,3022206,3022406,-1,3011101,9,20
3022401,3022301,3022401,-1,3011101,21,32
3022402,3022302,3022402,-1,3011101,21,32
3022403,3022303,3022403,-1,3011101,21,32
3022404,3022304,3022404,-1,3011101,21,32
3022405,3022305,3022405,-1,3011101,21,32
3022406,3022306,3022406,-1,3011101,21,32
3023101,3023101,3023201,-1,3011101,1,3
3023102,3023102,3023202,-1,3011101,1,3
3023103,3023103,3023203,-1,3011101,1,3
3023104,3023104,3023204,-1,3011101,1,3
3023105,3023105,3023205,-1,3011101,1,3
3023106,3023106,3023206,-1,3011101,1,3
3023201,3023101,3023301,-1,3011101,4,8
3023202,3023102,3023302,-1,3011101,4,8
3023203,3023103,3023303,-1,3011101,4,8
3023204,3023104,3023304,-1,3011101,4,8
3023205,3023105,3023305,-1,3011101,4,8
3023206,3023106,3023306,-1,3011101,4,8
3023301,3023201,3023401,-1,3011101,9,20
3023302,3023202,3023402,-1,3011101,9,20
3023303,3023203,3023403,-1,3011101,9,20
3023304,3023204,3023404,-1,3011101,9,20
3023305,3023205,3023405,-1,3011101,9,20
3023306,3023206,3023406,-1,3011101,9,20
3023401,3023301,3023401,-1,3011101,21,32
3023402,3023302,3023402,-1,3011101,21,32
3023403,3023303,3023403,-1,3011101,21,32
3023404,3023304,3023404,-1,3011101,21,32
3023405,3023305,3023405,-1,3011101,21,32
3023406,3023306,3023406,-1,3011101,21,32
3024101,3024101,3024201,-1,3011101,1,3
3024102,3024102,3024202,-1,3011101,1,3
3024103,3024103,3024203,-1,3011101,1,3
3024104,3024104,3024204,-1,3011101,1,3
3024105,3024105,3024205,-1,3011101,1,3
3024106,3024106,3024206,-1,3011101,1,3
3024201,3024101,3024301,-1,3011101,4,8
3024202,3024102,3024302,-1,3011101,4,8
3024203,3024103,3024303,-1,3011101,4,8
3024204,3024104,3024304,-1,3011101,4,8
3024205,3024105,3024305,-1,3011101,4,8
3024206,3024106,3024306,-1,3011101,4,8
3024301,3024201,3024401,-1,3011101,9,20
3024302,3024202,3024402,-1,3011101,9,20
3024303,3024203,3024403,-1,3011101,9,20
3024304,3024204,3024404,-1,3011101,9,20
3024305,3024205,3024405,-1,3011101,9,20
3024306,3024206,3024406,-1,3011101,9,20
3024401,3024301,3024401,-1,3011101,21,32
3024402,3024302,3024402,-1,3011101,21,32
3024403,3024303,3024403,-1,3011101,21,32
3024404,3024304,3024404,-1,3011101,21,32
3024405,3024305,3024405,-1,3011101,21,32
3024406,3024306,3024406,-1,3011101,21,32
3031401,3031401,3031401,-1,3031401,21,32
3031402,3031402,3031402,-1,3031401,21,32
3031403,3031403,3031403,-1,3031401,21,32
3031404,3031404,3031404,-1,3031401,21,32
3031405,3031405,3031405,-1,3031401,21,32
3031406,3031406,3031406,-1,3031401,21,32
3032101,3032101,3032201,-1,3031401,1,3
3032102,3032102,3032202,-1,3031401,1,3
3032103,3032103,3032203,-1,3031401,1,3
3032104,3032104,3032204,-1,3031401,1,3
3032105,3032105,3032205,-1,3031401,1,3
3032106,3032106,3032206,-1,3031401,1,3
3032201,3032101,3032301,-1,3031401,4,8
3032202,3032102,3032302,-1,3031401,4,8
3032203,3032103,3032303,-1,3031401,4,8
3032204,3032104,3032304,-1,3031401,4,8
3032205,3032105,3032305,-1,3031401,4,8
3032206,3032106,3032306,-1,3031401,4,8
3032301,3032201,3032401,-1,3031401,9,20
3032302,3032202,3032402,-1,3031401,9,20
3032303,3032203,3032403,-1,3031401,9,20
3032304,3032204,3032404,-1,3031401,9,20
3032305,3032205,3032405,-1,3031401,9,20
3032306,3032206,3032406,-1,3031401,9,20
3032401,3032301,3032401,-1,3031401,21,32
3032402,3032302,3032402,-1,3031401,21,32
3032403,3032303,3032403,-1,3031401,21,32
3032404,3032304,3032404,-1,3031401,21,32
3032405,3032305,3032405,-1,3031401,21,32
3032406,3032306,3032406,-1,3031401,21,32
3033101,3033101,3033201,-1,3031401,1,3
3033102,3033102,3033202,-1,3031401,1,3
3033103,3033103,3033203,-1,3031401,1,3
3033104,3033104,3033204,-1,3031401,1,3
3033105,3033105,3033205,-1,3031401,1,3
3033106,3033106,3033206,-1,3031401,1,3
3033201,3033101,3033301,-1,3031401,4,8
3033202,3033102,3033302,-1,3031401,4,8
3033203,3033103,3033303,-1,3031401,4,8
3033204,3033104,3033304,-1,3031401,4,8
3033205,3033105,3033305,-1,3031401,4,8
3033206,3033106,3033306,-1,3031401,4,8
3033301,3033201,3033401,-1,3031401,9,20
3033302,3033202,3033402,-1,3031401,9,20
3033303,3033203,3033403,-1,3031401,9,20
3033304,3033204,3033404,-1,3031401,9,20
3033305,3033205,3033405,-1,3031401,9,20
3033306,3033206,3033406,-1,3031401,9,20
3033401,3033301,3033401,-1,3031401,21,32
3033402,3033302,3033402,-1,3031401,21,32
3033403,3033303,3033403,-1,3031401,21,32
3033404,3033304,3033404,-1,3031401,21,32
3033405,3033305,3033405,-1,3031401,21,32
3033406,3033306,3033406,-1,3031401,21,32
3034101,3034101,3034201,-1,3031401,1,3
3034102,3034102,3034202,-1,3031401,1,3
3034103,3034103,3034203,-1,3031401,1,3
3034104,3034104,3034204,-1,3031401,1,3
3034105,3034105,3034205,-1,3031401,1,3
3034106,3034106,3034206,-1,3031401,1,3
3034201,3034101,3034301,-1,3031401,4,8
3034202,3034102,3034302,-1,3031401,4,8
3034203,3034103,3034303,-1,3031401,4,8
3034204,3034104,3034304,-1,3031401,4,8
3034205,3034105,3034305,-1,3031401,4,8
3034206,3034106,3034306,-1,3031401,4,8
3034301,3034201,3034401,-1,3031401,9,20
3034302,3034202,3034402,-1,3031401,9,20
3034303,3034203,3034403,-1,3031401,9,20
3034304,3034204,3034404,-1,3031401,9,20
3034305,3034205,3034405,-1,3031401,9,20
3034306,3034206,3034406,-1,3031401,9,20
3034401,3034301,3034401,-1,3031401,21,32
3034402,3034302,3034402,-1,3031401,21,32
3034403,3034303,3034403,-1,3031401,21,32
3034404,3034304,3034404,-1,3031401,21,32
3034405,3034305,3034405,-1,3031401,21,32
3034406,3034306,3034406,-1,3031401,21,32
3041401,3041401,3041401,-1,3041401,21,32
3041402,3041402,3041402,-1,3041401,21,32
3041403,3041403,3041403,-1,3041401,21,32
3041404,3041404,3041404,-1,3041401,21,32
3041405,3041405,3041405,-1,3041401,21,32
3041406,3041406,3041406,-1,3041401,21,32
3042101,3042101,3042201,-1,3041401,1,3
3042102,3042102,3042202,-1,3041401,1,3
3042103,3042103,3042203,-1,3041401,1,3
3042104,3042104,3042204,-1,3041401,1,3
3042105,3042105,3042205,-1,3041401,1,3
3042106,3042106,3042206,-1,3041401,1,3
3042201,3042101,3042301,-1,3041401,4,8
3042202,3042102,3042302,-1,3041401,4,8
3042203,3042103,3042303,-1,3041401,4,8
3042204,3042104,3042304,-1,3041401,4,8
3042205,3042105,3042305,-1,3041401,4,8
3042206,3042106,3042306,-1,3041401,4,8
3042301,3042201,3042401,-1,3041401,9,20
3042302,3042202,3042402,-1,3041401,9,20
3042303,3042203,3042403,-1,3041401,9,20
3042304,3042204,3042404,-1,3041401,9,20
3042305,3042205,3042405,-1,3041401,9,20
3042306,3042206,3042406,-1,3041401,9,20
3042401,3042301,3042401,-1,3041401,21,32
3042402,3042302,3042402,-1,3041401,21,32
3042403,3042303,3042403,-1,3041401,21,32
3042404,3042304,3042404,-1,3041401,21,32
3042405,3042305,3042405,-1,3041401,21,32
3042406,3042306,3042406,-1,3041401,21,32
3043101,3043101,3043201,-1,3041401,1,3
3043102,3043102,3043202,-1,3041401,1,3
3043103,3043103,3043203,-1,3041401,1,3
3043104,3043104,3043204,-1,3041401,1,3
3043105,3043105,3043205,-1,3041401,1,3
3043106,3043106,3043206,-1,3041401,1,3
3043201,3043101,3043301,-1,3041401,4,8
3043202,3043102,3043302,-1,3041401,4,8
3043203,3043103,3043303,-1,3041401,4,8
3043204,3043104,3043304,-1,3041401,4,8
3043205,3043105,3043305,-1,3041401,4,8
3043206,3043106,3043306,-1,3041401,4,8
3043301,3043201,3043401,-1,3041401,9,20
3043302,3043202,3043402,-1,3041401,9,20
3043303,3043203,3043403,-1,3041401,9,20
3043304,3043204,3043404,-1,3041401,9,20
3043305,3043205,3043405,-1,3041401,9,20
3043306,3043206,3043406,-1,3041401,9,20
3043401,3043301,3043401,-1,3041401,21,32
3043402,3043302,3043402,-1,3041401,21,32
3043403,3043303,3043403,-1,3041401,21,32
3043404,3043304,3043404,-1,3041401,21,32
3043405,3043305,3043405,-1,3041401,21,32
3043406,3043306,3043406,-1,3041401,21,32
3044101,3044101,3044201,-1,3041401,1,3
3044102,3044102,3044202,-1,3041401,1,3
3044103,3044103,3044203,-1,3041401,1,3
3044104,3044104,3044204,-1,3041401,1,3
3044105,3044105,3044205,-1,3041401,1,3
3044106,3044106,3044206,-1,3041401,1,3
3044201,3044101,3044301,-1,3041401,4,8
3044202,3044102,3044302,-1,3041401,4,8
3044203,3044103,3044303,-1,3041401,4,8
3044204,3044104,3044304,-1,3041401,4,8
3044205,3044105,3044305,-1,3041401,4,8
3044206,3044106,3044306,-1,3041401,4,8
3044301,3044201,3044401,-1,3041401,9,20
3044302,3044202,3044402,-1,3041401,9,20
3044303,3044203,3044403,-1,3041401,9,20
3044304,3044204,3044404,-1,3041401,9,20
3044305,3044205,3044405,-1,3041401,9,20
3044306,3044206,3044406,-1,3041401,9,20
3044401,3044301,3044401,-1,3041401,21,32
3044402,3044302,3044402,-1,3041401,21,32
3044403,3044303,3044403,-1,3041401,21,32
3044404,3044304,3044404,-1,3041401,21,32
3044405,3044305,3044405,-1,3041401,21,32
3044406,3044306,3044406,-1,3041401,21,32
3045401,3045401,3045401,-1,3041401,21,32
3045402,3045402,3045402,-1,3041401,21,32
3045403,3045403,3045403,-1,3041401,21,32
3045404,3045404,3045404,-1,3041401,21,32
3046101,3046101,3046201,-1,4041401,1,3
3046102,3046102,3046202,-1,4041401,1,3
3046103,3046103,3046203,-1,3041401,1,3
3046104,3046104,3046204,-1,3041401,1,3
3046201,3046101,3046301,-1,4041401,4,8
3046202,3046102,3046302,-1,4041401,4,8
3046203,3046103,3046303,-1,3041401,4,8
3046204,3046104,3046304,-1,3041401,4,8
3046301,3046301,3046401,-1,4041401,9,20
3046302,3046302,3046402,-1,3041401,9,20
3046303,3046203,3046403,-1,3041401,9,20
3046304,3046204,3046404,-1,3041401,9,20
3046401,3046401,3046401,-1,3041401,21,32
3046402,3046302,3046402,-1,3041401,21,32
3046403,3046303,3046403,-1,3041401,21,32
3046404,3046304,3046404,-1,3041401,21,32
3047101,3047101,3047201,-1,4041401,1,3
3047102,3047102,3047202,-1,4041401,1,3
3047103,3047103,3047203,-1,3041401,1,3
3047104,3047104,3047204,-1,3041401,1,3
3047201,3047101,3047301,-1,4041401,4,8
3047202,3047102,3047302,-1,4041401,4,8
3047203,3047103,3047303,-1,3041401,4,8
3047204,3047104,3047304,-1,3041401,4,8
3047301,3047301,3047401,-1,4041401,9,20
3047302,3047302,3047402,-1,3041401,9,20
3047303,3047203,3047403,-1,3041401,9,20
3047304,3047204,3047404,-1,3041401,9,20
3047401,3047401,3047401,-1,3041401,21,32
3047402,3047302,3047402,-1,3041401,21,32
3047403,3047303,3047403,-1,3041401,21,32
3047404,3047304,3047404,-1,3041401,21,32
3048101,3048101,3048201,-1,4041401,1,3
3048102,3048102,3048202,-1,4041401,1,3
3048103,3048103,3048203,-1,3041401,1,3
3048104,3048104,3048204,-1,3041401,1,3
3048201,3048101,3048301,-1,4041401,4,8
3048202,3048102,3048302,-1,4041401,4,8
3048203,3048103,3048303,-1,3041401,4,8
3048204,3048104,3048304,-1,3041401,4,8
3048301,3048301,3048401,-1,4041401,9,20
3048302,3048302,3048402,-1,3041401,9,20
3048303,3048203,3048403,-1,3041401,9,20
3048304,3048204,3048404,-1,3041401,9,20
3048401,3048401,3048401,-1,3041401,21,32
3048402,3048302,3048402,-1,3041401,21,32
3048403,3048303,3048403,-1,3041401,21,32
3048404,3048304,3048404,-1,3041401,21,32
4011101,4011101,4011201,-1,4011101,1,3
4011102,4011102,4011202,-1,4011101,1,3
4011103,4011103,4011203,-1,4011101,1,3
4011104,4011104,4011204,-1,4011101,1,3
4011105,4011105,4011205,-1,4011101,1,3
4011106,4011106,4011206,-1,4011101,1,3
4011201,4011101,4011301,-1,4011101,4,8
4011202,4011102,4011302,-1,4011101,4,8
4011203,4011103,4011303,-1,4011101,4,8
4011204,4011104,4011304,-1,4011101,4,8
4011205,4011105,4011305,-1,4011101,4,8
4011206,4011106,4011306,-1,4011101,4,8
4011301,4011201,4021401,-1,4011101,9,20
4011302,4011202,4021402,-1,4011101,9,20
4011303,4011203,4021403,-1,4011101,9,20
4011304,4011204,4021404,-1,4011101,9,20
4011305,4011205,4021405,-1,4011101,9,20
4011306,4011206,4021406,-1,4011101,9,20
4012101,4012101,4012201,-1,4011101,1,3
4012102,4012102,4012202,-1,4011101,1,3
4012103,4012103,4012203,-1,4011101,1,3
4012104,4012104,4012204,-1,4011101,1,3
4012105,4012105,4012205,-1,4011101,1,3
4012106,4012106,4012206,-1,4011101,1,3
4012201,4012101,4012301,-1,4011101,4,8
4012202,4012102,4012302,-1,4011101,4,8
4012203,4012103,4012303,-1,4011101,4,8
4012204,4012104,4012304,-1,4011101,4,8
4012205,4012105,4012305,-1,4011101,4,8
4012206,4012106,4012306,-1,4011101,4,8
4012301,4012201,4012401,-1,4011101,9,20
4012302,4012202,4012402,-1,4011101,9,20
4012303,4012203,4012403,-1,4011101,9,20
4012304,4012204,4012404,-1,4011101,9,20
4012305,4012205,4012405,-1,4011101,9,20
4012306,4012206,4012406,-1,4011101,9,20
4012401,4012301,4012401,-1,4011101,21,32
4012402,4012302,4012402,-1,4011101,21,32
4012403,4012303,4012403,-1,4011101,21,32
4012404,4012304,4012404,-1,4011101,21,32
4012405,4012305,4012405,-1,4011101,21,32
4012406,4012306,4012406,-1,4011101,21,32
4013101,4013101,4013201,-1,4011101,1,3
4013102,4013102,4013202,-1,4011101,1,3
4013103,4013103,4013203,-1,4011101,1,3
4013104,4013104,4013204,-1,4011101,1,3
4013105,4013105,4013205,-1,4011101,1,3
4013106,4013106,4013206,-1,4011101,1,3
4013201,4013101,4013301,-1,4011101,4,8
4013202,4013102,4013302,-1,4011101,4,8
4013203,4013103,4013303,-1,4011101,4,8
4013204,4013104,4013304,-1,4011101,4,8
4013205,4013105,4013305,-1,4011101,4,8
4013206,4013106,4013306,-1,4011101,4,8
4013301,4013201,4013401,-1,4011101,9,20
4013302,4013202,4013402,-1,4011101,9,20
4013303,4013203,4013403,-1,4011101,9,20
4013304,4013204,4013404,-1,4011101,9,20
4013305,4013205,4013405,-1,4011101,9,20
4013306,4013206,4013406,-1,4011101,9,20
4013401,4013301,4013401,-1,4011101,21,32
4013402,4013302,4013402,-1,4011101,21,32
4013403,4013303,4013403,-1,4011101,21,32
4013404,4013304,4013404,-1,4011101,21,32
4013405,4013305,4013405,-1,4011101,21,32
4013406,4013306,4013406,-1,4011101,21,32
4014101,4014101,4014201,-1,4011101,1,3
4014102,4014102,4014202,-1,4011101,1,3
4014103,4014103,4014203,-1,4011101,1,3
4014104,4014104,4014204,-1,4011101,1,3
4014105,4014105,4014205,-1,4011101,1,3
4014106,4014106,4014206,-1,4011101,1,3
4014201,4014101,4014301,-1,4011101,4,8
4014202,4014102,4014302,-1,4011101,4,8
4014203,4014103,4014303,-1,4011101,4,8
4014204,4014104,4014304,-1,4011101,4,8
4014205,4014105,4014305,-1,4011101,4,8
4014206,4014106,4014306,-1,4011101,4,8
4014301,4014201,4014401,-1,4011101,9,20
4014302,4014202,4014402,-1,4011101,9,20
4014303,4014203,4014403,-1,4011101,9,20
4014304,4014204,4014404,-1,4011101,9,20
4014305,4014205,4014405,-1,4011101,9,20
4014306,4014206,4014406,-1,4011101,9,20
4014401,4014301,4014401,-1,4011101,21,32
4014402,4014302,4014402,-1,4011101,21,32
4014403,4014303,4014403,-1,4011101,21,32
4014404,4014304,4014404,-1,4011101,21,32
4014405,4014305,4014405,-1,4011101,21,32
4014406,4014306,4014406,-1,4011101,21,32
4015103,4015103,4015203,-1,4015401,1,3
4015104,4015104,4015204,-1,4015401,1,3
4015203,4015103,4015303,-1,4015401,4,8
4015204,4015104,4015304,-1,4015401,4,8
4015302,4015302,4015402,-1,4015401,9,20
4015303,4015203,4015403,-1,4015401,9,20
4015304,4015204,4015404,-1,4015401,9,20
4015401,4015401,4015401,-1,4015401,21,32
4015402,4015302,4015402,-1,4015401,21,32
4015403,4015303,4015403,-1,4015401,21,32
4015404,4015304,4015404,-1,4015401,21,32
4016101,4016101,4016201,-1,4041401,1,3
4016102,4016102,4016202,-1,4041401,1,3
4016103,4016103,4016203,-1,4015401,1,3
4016104,4016104,4016204,-1,4015401,1,3
4016201,4016201,4016201,-1,4015401,4,8
4016202,4016202,4016202,-1,4015401,4,8
4016203,4016103,4016303,-1,4015401,4,8
4016204,4016104,4016304,-1,4015401,4,8
4016301,4016301,4016401,-1,4041401,9,20
4016302,4016302,4016402,-1,4015401,9,20
4016303,4016203,4016403,-1,4015401,9,20
4016304,4016204,4016404,-1,4015401,9,20
4016401,4016401,4016401,-1,4015401,21,32
4016402,4016302,4016402,-1,4015401,21,32
4016403,4016303,4016403,-1,4015401,21,32
4016404,4016304,4016404,-1,4015401,21,32
4017101,4017101,4017101,-1,4015401,1,3
4017102,4017102,4017102,-1,4015401,1,3
4017103,4017103,4017203,-1,4015401,1,3
4017104,4017104,4017204,-1,4015401,1,3
4017201,4017101,4017301,-1,4041401,4,8
4017202,4017102,4017302,-1,4041401,4,8
4017203,4017103,4017303,-1,4015401,4,8
4017204,4017104,4017304,-1,4015401,4,8
4017301,4017301,4017401,-1,4041401,9,20
4017302,4017302,4017402,-1,4015401,9,20
4017303,4017203,4017403,-1,4015401,9,20
4017304,4017204,4017404,-1,4015401,9,20
4017401,4017401,4017401,-1,4015401,21,32
4017402,4017302,4017402,-1,4015401,21,32
4017403,4017303,4017403,-1,4015401,21,32
4017404,4017304,4017404,-1,4015401,21,32
4018101,4018101,4018101,-1,4015401,1,3
4018102,4018102,4018102,-1,4015401,1,3
4018103,4018103,4018203,-1,4015401,1,3
4018104,4018104,4018204,-1,4015401,1,3
4018201,4018101,4018301,-1,4041401,4,8
4018202,4018102,4018302,-1,4041401,4,8
4018203,4018103,4018303,-1,4015401,4,8
4018204,4018104,4018304,-1,4015401,4,8
4018301,4018301,4018401,-1,4041401,9,20
4018302,4018302,4018402,-1,4015401,9,20
4018303,4018203,4018403,-1,4015401,9,20
4018304,4018204,4018404,-1,4015401,9,20
4018401,4018401,4018401,-1,4015401,21,32
4018402,4018302,4018402,-1,4015401,21,32
4018403,4018303,4018403,-1,4015401,21,32
4018404,4018304,4018404,-1,4015401,21,32
4021401,4021401,4021401,-1,4011101,21,32
4021402,4021402,4021402,-1,4011101,21,32
4021403,4021403,4021403,-1,4011101,21,32
4021404,4021404,4021404,-1,4011101,21,32
4021405,4021405,4021405,-1,4011101,21,32
4021406,4021406,4021406,-1,4011101,21,32
4022101,4022101,4022201,-1,4011101,1,3
4022102,4022102,4022202,-1,4011101,1,3
4022103,4022103,4022203,-1,4011101,1,3
4022104,4022104,4022204,-1,4011101,1,3
4022105,4022105,4022205,-1,4011101,1,3
4022106,4022106,4022206,-1,4011101,1,3
4022201,4022101,4022301,-1,4011101,4,8
4022202,4022102,4022302,-1,4011101,4,8
4022203,4022103,4022303,-1,4011101,4,8
4022204,4022104,4022304,-1,4011101,4,8
4022205,4022105,4022305,-1,4011101,4,8
4022206,4022106,4022306,-1,4011101,4,8
4022301,4022201,4022401,-1,4011101,9,20
4022302,4022202,4022402,-1,4011101,9,20
4022303,4022203,4022403,-1,4011101,9,20
4022304,4022204,4022404,-1,4011101,9,20
4022305,4022205,4022405,-1,4011101,9,20
4022306,4022206,4022406,-1,4011101,9,20
4022401,4022301,4022401,-1,4011101,21,32
4022402,4022302,4022402,-1,4011101,21,32
4022403,4022303,4022403,-1,4011101,21,32
4022404,4022304,4022404,-1,4011101,21,32
4022405,4022305,4022405,-1,4011101,21,32
4022406,4022306,4022406,-1,4011101,21,32
4023101,4023101,4023201,-1,4011101,1,3
4023102,4023102,4023202,-1,4011101,1,3
4023103,4023103,4023203,-1,4011101,1,3
4023104,4023104,4023204,-1,4011101,1,3
4023105,4023105,4023205,-1,4011101,1,3
4023106,4023106,4023206,-1,4011101,1,3
4023201,4023101,4023301,-1,4011101,4,8
4023202,4023102,4023302,-1,4011101,4,8
4023203,4023103,4023303,-1,4011101,4,8
4023204,4023104,4023304,-1,4011101,4,8
4023205,4023105,4023305,-1,4011101,4,8
4023206,4023106,4023306,-1,4011101,4,8
4023301,4023201,4023401,-1,4011101,9,20
4023302,4023202,4023402,-1,4011101,9,20
4023303,4023203,4023403,-1,4011101,9,20
4023304,4023204,4023404,-1,4011101,9,20
4023305,4023205,4023405,-1,4011101,9,20
4023306,4023206,4023406,-1,4011101,9,20
4023401,4023301,4023401,-1,4011101,21,32
4023402,4023302,4023402,-1,4011101,21,32
4023403,4023303,4023403,-1,4011101,21,32
4023404,4023304,4023404,-1,4011101,21,32
4023405,4023305,4023405,-1,4011101,21,32
4023406,4023306,4023406,-1,4011101,21,32
4024101,4024101,4024201,-1,4011101,1,3
4024102,4024102,4024202,-1,4011101,1,3
4024103,4024103,4024203,-1,4011101,1,3
4024104,4024104,4024204,-1,4011101,1,3
4024105,4024105,4024205,-1,4011101,1,3
4024106,4024106,4024206,-1,4011101,1,3
4024201,4024101,4024301,-1,4011101,4,8
4024202,4024102,4024302,-1,4011101,4,8
4024203,4024103,4024303,-1,4011101,4,8
4024204,4024104,4024304,-1,4011101,4,8
4024205,4024105,4024305,-1,4011101,4,8
4024206,4024106,4024306,-1,4011101,4,8
4024301,4024201,4024401,-1,4011101,9,20
4024302,4024202,4024402,-1,4011101,9,20
4024303,4024203,4024403,-1,4011101,9,20
4024304,4024204,4024404,-1,4011101,9,20
4024305,4024205,4024405,-1,4011101,9,20
4024306,4024206,4024406,-1,4011101,9,20
4024401,4024301,4024401,-1,4011101,21,32
4024402,4024302,4024402,-1,4011101,21,32
4024403,4024303,4024403,-1,4011101,21,32
4024404,4024304,4024404,-1,4011101,21,32
4024405,4024305,4024405,-1,4011101,21,32
4024406,4024306,4024406,-1,4011101,21,32
4031401,4031401,4031401,-1,4031401,21,32
4031402,4031402,4031402,-1,4031401,21,32
4031403,4031403,4031403,-1,4031401,21,32
4031404,4031404,4031404,-1,4031401,21,32
4031405,4031405,4031405,-1,4031401,21,32
4031406,4031406,4031406,-1,4031401,21,32
4032101,4032101,4032201,-1,4031401,1,3
4032102,4032102,4032202,-1,4031401,1,3
4032103,4032103,4032203,-1,4031401,1,3
4032104,4032104,4032204,-1,4031401,1,3
4032105,4032105,4032205,-1,4031401,1,3
4032106,4032106,4032206,-1,4031401,1,3
4032201,4032101,4032301,-1,4031401,4,8
4032202,4032102,4032302,-1,4031401,4,8
4032203,4032103,4032303,-1,4031401,4,8
4032204,4032104,4032304,-1,4031401,4,8
4032205,4032105,4032305,-1,4031401,4,8
4032206,4032106,4032306,-1,4031401,4,8
4032301,4032201,4032401,-1,4031401,9,20
4032302,4032202,4032402,-1,4031401,9,20
4032303,4032203,4032403,-1,4031401,9,20
4032304,4032204,4032404,-1,4031401,9,20
4032305,4032205,4032405,-1,4031401,9,20
4032306,4032206,4032406,-1,4031401,9,20
4032401,4032301,4032401,-1,4031401,21,32
4032402,4032302,4032402,-1,4031401,21,32
4032403,4032303,4032403,-1,4031401,21,32
4032404,4032304,4032404,-1,4031401,21,32
4032405,4032305,4032405,-1,4031401,21,32
4032406,4032306,4032406,-1,4031401,21,32
4033101,4033101,4033201,-1,4031401,1,3
4033102,4033102,4033202,-1,4031401,1,3
4033103,4033103,4033203,-1,4031401,1,3
4033104,4033104,4033204,-1,4031401,1,3
4033105,4033105,4033205,-1,4031401,1,3
4033106,4033106,4033206,-1,4031401,1,3
4033201,4033101,4033301,-1,4031401,4,8
4033202,4033102,4033302,-1,4031401,4,8
4033203,4033103,4033303,-1,4031401,4,8
4033204,4033104,4033304,-1,4031401,4,8
4033205,4033105,4033305,-1,4031401,4,8
4033206,4033106,4033306,-1,4031401,4,8
4033301,4033201,4033401,-1,4031401,9,20
4033302,4033202,4033402,-1,4031401,9,20
4033303,4033203,4033403,-1,4031401,9,20
4033304,4033204,4033404,-1,4031401,9,20
4033305,4033205,4033405,-1,4031401,9,20
4033306,4033206,4033406,-1,4031401,9,20
4033401,4033301,4033401,-1,4031401,21,32
4033402,4033302,4033402,-1,4031401,21,32
4033403,4033303,4033403,-1,4031401,21,32
4033404,4033304,4033404,-1,4031401,21,32
4033405,4033305,4033405,-1,4031401,21,32
4033406,4033306,4033406,-1,4031401,21,32
4034101,4034101,4034201,-1,4031401,1,3
4034102,4034102,4034202,-1,4031401,1,3
4034103,4034103,4034203,-1,4031401,1,3
4034104,4034104,4034204,-1,4031401,1,3
4034105,4034105,4034205,-1,4031401,1,3
4034106,4034106,4034206,-1,4031401,1,3
4034201,4034101,4034301,-1,4031401,4,8
4034202,4034102,4034302,-1,4031401,4,8
4034203,4034103,4034303,-1,4031401,4,8
4034204,4034104,4034304,-1,4031401,4,8
4034205,4034105,4034305,-1,4031401,4,8
4034206,4034106,4034306,-1,4031401,4,8
4034301,4034201,4034401,-1,4031401,9,20
4034302,4034202,4034402,-1,4031401,9,20
4034303,4034203,4034403,-1,4031401,9,20
4034304,4034204,4034404,-1,4031401,9,20
4034305,4034205,4034405,-1,4031401,9,20
4034306,4034206,4034406,-1,4031401,9,20
4034401,4034301,4034401,-1,4031401,21,32
4034402,4034302,4034402,-1,4031401,21,32
4034403,4034303,4034403,-1,4031401,21,32
4034404,4034304,4034404,-1,4031401,21,32
4034405,4034305,4034405,-1,4031401,21,32
4034406,4034306,4034406,-1,4031401,21,32
4041401,4041401,4041401,-1,4041401,21,32
4041402,4041402,4041402,-1,4041401,21,32
4041403,4041403,4041403,-1,4041401,21,32
4041404,4041404,4041404,-1,4041401,21,32
4041405,4041405,4041405,-1,4041401,21,32
4041406,4041406,4041406,-1,4041401,21,32
4042101,4042101,4042201,-1,4041401,1,3
4042102,4042102,4042202,-1,4041401,1,3
4042103,4042103,4042203,-1,4041401,1,3
4042104,4042104,4042204,-1,4041401,1,3
4042105,4042105,4042205,-1,4041401,1,3
4042106,4042106,4042206,-1,4041401,1,3
4042201,4042101,4042301,-1,4041401,4,8
4042202,4042102,4042302,-1,4041401,4,8
4042203,4042103,4042303,-1,4041401,4,8
4042204,4042104,4042304,-1,4041401,4,8
4042205,4042105,4042305,-1,4041401,4,8
4042206,4042106,4042306,-1,4041401,4,8
4042301,4042201,4042401,-1,4041401,9,20
4042302,4042202,4042402,-1,4041401,9,20
4042303,4042203,4042403,-1,4041401,9,20
4042304,4042204,4042404,-1,4041401,9,20
4042305,4042205,4042405,-1,4041401,9,20
4042306,4042206,4042406,-1,4041401,9,20
4042401,4042301,4042401,-1,4041401,21,32
4042402,4042302,4042402,-1,4041401,21,32
4042403,4042303,4042403,-1,4041401,21,32
4042404,4042304,4042404,-1,4041401,21,32
4042405,4042305,4042405,-1,4041401,21,32
4042406,4042306,4042406,-1,4041401,21,32
4043101,4043101,4043201,-1,4041401,1,3
4043102,4043102,4043202,-1,4041401,1,3
4043103,4043103,4043203,-1,4041401,1,3
4043104,4043104,4043204,-1,4041401,1,3
4043105,4043105,4043205,-1,4041401,1,3
4043106,4043106,4043206,-1,4041401,1,3
4043201,4043101,4043301,-1,4041401,4,8
4043202,4043102,4043302,-1,4041401,4,8
4043203,4043103,4043303,-1,4041401,4,8
4043204,4043104,4043304,-1,4041401,4,8
4043205,4043105,4043305,-1,4041401,4,8
4043206,4043106,4043306,-1,4041401,4,8
4043301,4043201,4043401,-1,4041401,9,20
4043302,4043202,4043402,-1,4041401,9,20
4043303,4043203,4043403,-1,4041401,9,20
4043304,4043204,4043404,-1,4041401,9,20
4043305,4043205,4043405,-1,4041401,9,20
4043306,4043206,4043406,-1,4041401,9,20
4043401,4043301,4043401,-1,4041401,21,32
4043402,4043302,4043402,-1,4041401,21,32
4043403,4043303,4043403,-1,4041401,21,32
4043404,4043304,4043404,-1,4041401,21,32
4043405,4043305,4043405,-1,4041401,21,32
4043406,4043306,4043406,-1,4041401,21,32
4044101,4044101,4044201,-1,4041401,1,3
4044102,4044102,4044202,-1,4041401,1,3
4044103,4044103,4044203,-1,4041401,1,3
4044104,4044104,4044204,-1,4041401,1,3
4044105,4044105,4044205,-1,4041401,1,3
4044106,4044106,4044206,-1,4041401,1,3
4044201,4044101,4044301,-1,4041401,4,8
4044202,4044102,4044302,-1,4041401,4,8
4044203,4044103,4044303,-1,4041401,4,8
4044204,4044104,4044304,-1,4041401,4,8
4044205,4044105,4044305,-1,4041401,4,8
4044206,4044106,4044306,-1,4041401,4,8
4044301,4044201,4044401,-1,4041401,9,20
4044302,4044202,4044402,-1,4041401,9,20
4044303,4044203,4044403,-1,4041401,9,20
4044304,4044204,4044404,-1,4041401,9,20
4044305,4044205,4044405,-1,4041401,9,20
4044306,4044206,4044406,-1,4041401,9,20
4044401,4044301,4044401,-1,4041401,21,32
4044402,4044302,4044402,-1,4041401,21,32
4044403,4044303,4044403,-1,4041401,21,32
4044404,4044304,4044404,-1,4041401,21,32
4044405,4044305,4044405,-1,4041401,21,32
4044406,4044306,4044406,-1,4041401,21,32
4045401,4045401,4045401,-1,4041401,21,32
4045402,4045402,4045402,-1,4041401,21,32
4045403,4045403,4045403,-1,4041401,21,32
4045404,4045404,4045404,-1,4041401,21,32
4046101,4046101,4046201,-1,4041401,1,3
4046102,4046102,4046202,-1,4041401,1,3
4046103,4046103,4046203,-1,4041401,1,3
4046104,4046104,4046204,-1,4041401,1,3
4046201,4046101,4046301,-1,4041401,4,8
4046202,4046102,4046302,-1,4041401,4,8
4046203,4046103,4046303,-1,4041401,4,8
4046204,4046104,4046304,-1,4041401,4,8
4046301,4046301,4046401,-1,4041401,9,20
4046302,4046302,4046402,-1,4041401,9,20
4046303,4046203,4046403,-1,4041401,9,20
4046304,4046204,4046404,-1,4041401,9,20
4046401,4046401,4046401,-1,4041401,21,32
4046402,4046302,4046402,-1,4041401,21,32
4046403,4046303,4046403,-1,4041401,21,32
4046404,4046304,4046404,-1,4041401,21,32
4047101,4047101,4047201,-1,4041401,1,3
4047102,4047102,4047202,-1,4041401,1,3
4047103,4047103,4047203,-1,4041401,1,3
4047104,4047104,4047204,-1,4041401,1,3
4047201,4047101,4047301,-1,4041401,4,8
4047202,4047102,4047302,-1,4041401,4,8
4047203,4047103,4047303,-1,4041401,4,8
4047204,4047104,4047304,-1,4041401,4,8
4047301,4047301,4047401,-1,4041401,9,20
4047302,4047302,4047402,-1,4041401,9,20
4047303,4047203,4047403,-1,4041401,9,20
4047304,4047204,4047404,-1,4041401,9,20
4047401,4047401,4047401,-1,4041401,21,32
4047402,4047302,4047402,-1,4041401,21,32
4047403,4047303,4047403,-1,4041401,21,32
4047404,4047304,4047404,-1,4041401,21,32
4048101,4048101,4048201,-1,4041401,1,3
4048102,4048102,4048202,-1,4041401,1,3
4048103,4048103,4048203,-1,4041401,1,3
4048104,4048104,4048204,-1,4041401,1,3
4048201,4048101,4048301,-1,4041401,4,8
4048202,4048102,4048302,-1,4041401,4,8
4048203,4048103,4048303,-1,4041401,4,8
4048204,4048104,4048304,-1,4041401,4,8
4048301,4048301,4048401,-1,4041401,9,20
4048302,4048302,4048402,-1,4041401,9,20
4048303,4048203,4048403,-1,4041401,9,20
4048304,4048204,4048404,-1,4041401,9,20
4048401,4048401,4048401,-1,4041401,21,32
4048402,4048302,4048402,-1,4041401,21,32
4048403,4048303,4048403,-1,4041401,21,32
4048404,4048304,4048404,-1,4041401,21,32
5079000,5079000,5079000,-1,5079000,0,32
5089000,5089000,5089000,-1,5089000,0,32
5099000,5099000,5099000,-1,5099000,0,32
6000000,6000000,6000000,-1,6000000,0,32
