fuelbed,thin,herb,rxfire,eligibility_1,eligibility_2,eligibility_3,treatability_1,treatability_2,treatability_3
1011101,1011101,1011101,1011101,1,1,2,1,1,2
1011102,1011102,1011102,1011102,1,1,2,1,1,2
1011103,1011103,1011103,1011103,1,1,2,1,1,2
1011104,1011104,1011104,1011104,1,1,2,1,1,2
1011105,1011105,1011105,1011105,1,1,2,1,1,2
1011106,1011106,1011106,1011106,1,1,2,1,1,2
1011201,1011201,1011201,1011101,1,1,2,1,1,2
1011202,1011202,1011202,1011102,1,1,2,1,1,2
1011203,1011203,1011203,1011103,1,1,2,1,1,2
1011204,1011204,1011204,1011104,1,1,2,1,1,2
1011205,1011205,1011205,1011105,1,1,2,1,1,2
1011206,1011206,1011206,1011106,1,1,2,1,1,2
1011301,1011301,1011301,1011201,1,1,2,1,1,2
1011302,1011302,1013302,1011202,1,2,2,1,2,2
1011303,1012303,1013303,1011203,2,2,2,2,2,2
1011304,1012304,1013304,1011204,2,2,2,2,2,2
1011305,1012305,1013305,1011205,2,2,2,2,2,2
1011306,1012306,1013306,1011206,2,2,2,2,2,2
1012101,1012101,1012101,1012101,1,1,2,1,1,2
1012102,1012102,1012102,1012102,1,1,2,1,1,2
1012103,1012103,1012103,1012103,1,1,2,1,1,2
1012104,1012104,1012104,1012104,1,1,2,1,1,2
1012105,1012105,1012105,1012105,1,1,2,1,1,2
1012106,1012106,1012106,1012106,1,1,2,1,1,2
1012201,1012201,1012201,1012101,1,1,2,1,1,2
1012202,1012202,1012202,1012102,1,1,2,1,1,2
1012203,1012203,1012203,1012103,1,1,2,1,1,2
1012204,1012204,1012204,1012104,1,1,2,1,1,2
1012205,1012205,1012205,1012105,1,1,2,1,1,2
1012206,1012206,1012206,1012106,1,1,2,1,1,2
1012301,1012301,1013301,1012201,1,2,2,1,2,2
1012302,1012302,1013302,1012202,1,2,2,1,2,2
1012303,1012303,1013303,1012203,1,2,2,1,2,2
1012304,1012304,1013304,1012204,1,2,2,1,2,2
1012305,1012305,1013305,1012205,1,2,2,1,2,2
1012306,1012306,1013306,1012206,1,2,2,1,2,2
1012401,1012401,1013401,1012301,1,2,2,1,2,2
1012402,1012402,1013402,1012302,1,2,2,1,2,2
1012403,1012403,1013403,1012303,1,2,2,1,2,2
1012404,1012404,1013404,1012304,1,2,2,1,2,2
1012405,1012405,1013405,1012305,1,2,2,1,2,2
1012406,1012406,1013406,1012306,1,2,2,1,2,2
1013101,1013101,1013101,1013101,1,1,2,1,1,2
1013102,1013102,1013102,1013102,1,1,2,1,1,2
1013103,1013103,1013103,1013103,1,1,2,1,1,2
1013104,1013104,1013104,1013104,1,1,2,1,1,2
1013105,1013105,1013105,1013105,1,1,2,1,1,2
1013106,1013106,1013106,1013106,1,1,2,1,1,2
1013201,1013201,1013201,1013101,1,1,2,1,1,2
1013202,1013202,1013202,1013102,1,1,2,1,1,2
1013203,1013203,1013203,1013103,1,1,2,1,1,2
1013204,1013204,1013204,1013104,1,1,2,1,1,2
1013205,1013205,1013205,1013105,1,1,2,1,1,2
1013206,1013206,1013206,1013106,1,1,2,1,1,2
1013301,1012301,1013301,1013201,2,1,2,2,1,2
1013302,1012302,1013302,1013202,2,1,2,2,1,2
1013303,1012303,1013303,1013203,2,1,2,2,1,2
1013304,1012304,1013304,1013204,2,1,2,2,1,2
1013305,1012305,1013305,1013205,2,1,2,2,1,2
1013306,1012306,1013306,1013206,2,1,2,2,1,2
1013401,1012401,1013401,1013301,2,1,2,2,1,2
1013402,1012402,1013402,1013302,2,1,2,2,1,2
1013403,1012403,1013403,1013303,2,1,2,2,1,2
1013404,1012404,1013404,1013304,2,1,2,2,1,2
1013405,1012405,1013405,1013305,2,1,2,2,1,2
1013406,1012406,1013406,1013306,2,1,2,2,1,2
1014101,1014101,1014101,1014101,1,1,2,1,1,2
1014102,1014102,1014102,1014102,1,1,2,1,1,2
1014103,1014103,1014103,1014103,1,1,2,1,1,2
1014104,1014104,1014104,1014104,1,1,2,1,1,2
1014105,1014105,1014105,1014105,1,1,2,1,1,2
1014106,1014106,1014106,1014106,1,1,2,1,1,2
1014201,1014201,1014201,1014101,1,1,2,1,1,2
1014202,1014202,1014202,1014102,1,1,2,1,1,2
1014203,1014203,1014203,1014103,1,1,2,1,1,2
1014204,1014204,1014204,1014104,1,1,2,1,1,2
1014205,1014205,1014205,1014105,1,1,2,1,1,2
1014206,1014206,1014206,1014106,1,1,2,1,1,2
1014301,1012301,1013301,1014201,2,2,2,2,2,2
1014302,1012302,1013302,1014202,2,2,2,2,2,2
1014303,1012303,1013303,1014203,2,2,2,2,2,2
1014304,1012304,1013304,1014204,2,2,2,2,2,2
1014305,1012305,1013305,1014205,2,2,2,2,2,2
1014306,1012306,1013306,1014206,2,2,2,2,2,2
1014401,1012401,1013401,1014301,2,2,2,2,2,2
1014402,1012402,1013402,1014302,2,2,2,2,2,2
1014403,1012403,1013403,1014303,2,2,2,2,2,2
1014404,1012404,1013404,1014304,2,2,2,2,2,2
1014405,1012405,1013405,1014305,2,2,2,2,2,2
1014406,1012406,1013406,1014306,2,2,2,2,2,2
1015101,1015101,1015101,1015101,1,1,2,1,1,2
1015102,1015102,1015102,1015102,1,1,2,1,1,2
1015103,1015103,1015103,1015103,1,1,2,1,1,2
1015104,1015104,1015104,1015104,1,1,2,1,1,2
1015201,1015201,1015201,1015101,1,1,2,1,1,2
1015202,1015202,1015202,1015102,1,1,2,1,1,2
1015203,1015203,1015203,1015103,1,1,2,1,1,2
1015204,1015204,1015204,1015104,1,1,2,1,1,2
1015301,1016301,1017301,1015301,2,2,2,2,2,2
1015302,1016302,1017302,1015302,2,2,2,2,2,2
1015303,1016303,1017303,1015203,2,2,2,2,2,2
1015304,1016304,1017304,1015204,2,2,2,2,2,2
1015401,1016401,1017401,1015401,2,2,2,2,2,2
1015402,1016402,1017402,1015302,2,2,2,2,2,2
1015403,1016403,1017403,1015303,2,2,2,2,2,2
1015404,1016404,1017404,1015304,2,2,2,2,2,2
1016101,1016101,1016101,1016101,1,1,2,1,1,2
1016102,1016102,1016102,1016102,1,1,2,1,1,2
1016103,1016103,1016103,1016103,1,1,2,1,1,2
1016104,1016104,1016104,1016104,1,1,2,1,1,2
1016201,1016201,1016201,1016201,1,1,2,1,1,2
1016202,1016202,1016202,1016202,1,1,2,1,1,2
1016203,1016203,1016203,1016103,1,1,2,1,1,2
1016204,1016204,1016204,1016104,1,1,2,1,1,2
1016301,1016301,1017301,1016301,1,1,2,1,1,2
1016302,1016302,1017302,1016302,1,2,2,1,2,2
1016303,1016303,1017303,1016203,1,2,2,1,2,2
1016304,1016304,1017304,1016204,1,2,2,1,2,2
1016401,1016401,1017401,1016401,1,2,2,1,2,2
1016402,1016402,1017402,1016302,1,2,2,1,2,2
1016403,1016403,1017403,1016303,1,2,2,1,2,2
1016404,1016404,1017404,1016304,1,2,2,1,2,2
1017101,1017101,1017101,1017101,1,1,2,1,1,2
1017102,1017102,1017102,1017102,1,1,2,1,1,2
1017103,1017103,1017103,1017103,1,1,2,1,1,2
1017104,1017104,1017104,1017104,1,1,2,1,1,2
1017201,1017201,1017201,1017101,1,1,2,1,1,2
1017202,1017202,1017202,1017102,1,1,2,1,1,2
1017203,1017203,1017203,1017103,1,1,2,1,1,2
1017204,1017204,1017204,1017104,1,1,2,1,1,2
1017301,1016301,1017301,1017301,1,1,2,1,1,2
1017302,1016302,1017302,1017302,2,1,2,2,1,2
1017303,1016303,1017303,1017203,2,1,2,2,1,2
1017304,1016304,1017304,1017204,2,1,2,2,1,2
1017401,1016401,1017401,1017401,2,1,2,2,1,2
1017402,1016402,1017402,1017302,2,1,2,2,1,2
1017403,1016403,1017403,1017303,2,1,2,2,1,2
1017404,1016404,1017404,1017304,2,1,2,2,1,2
1018101,1018101,1018101,1018101,1,1,2,1,1,2
1018102,1018102,1018102,1018102,1,1,2,1,1,2
1018103,1018103,1018103,1018103,1,1,2,1,1,2
1018104,1018104,1018104,1018104,1,1,2,1,1,2
1018201,1018201,1018201,1018101,1,1,2,1,1,2
1018202,1018202,1018202,1018102,1,1,2,1,1,2
1018203,1018203,1018203,1018103,1,1,2,1,1,2
1018204,1018204,1018204,1018104,1,1,2,1,1,2
1018301,1016301,1017301,1018301,1,1,2,1,1,2
1018302,1016302,1017302,1018302,2,2,2,2,2,2
1018303,1016303,1017303,1018203,2,2,2,2,2,2
1018304,1016304,1017304,1018204,2,2,2,2,2,2
1018401,1016401,1017401,1018401,2,2,2,2,2,2
1018402,1016402,1017402,1018302,2,2,2,2,2,2
1018403,1016403,1017403,1018303,2,2,2,2,2,2
1018404,1016404,1017404,1018304,2,2,2,2,2,2
1031401,1031401,1031401,1031401,1,1,2,1,1,2
1031402,1031402,1033402,1031402,1,2,2,1,2,2
1031403,1032403,1033403,1031403,2,2,2,2,2,2
1031404,1032404,1033404,1031404,2,2,2,2,2,2
1031405,1032405,1033405,1031405,2,2,2,2,2,2
1031406,1032406,1033406,1031406,2,2,2,2,2,2
1032101,1032101,1032101,1032101,1,1,2,1,1,2
1032102,1032102,1032102,1032102,1,1,2,1,1,2
1032103,1032103,1032103,1032103,1,1,2,1,1,2
1032104,1032104,1032104,1032104,1,1,2,1,1,2
1032105,1032105,1032105,1032105,1,1,2,1,1,2
1032106,1032106,1032106,1032106,1,1,2,1,1,2
1032201,1032201,1032201,1032101,1,1,2,1,1,2
1032202,1032202,1032202,1032102,1,1,2,1,1,2
1032203,1032203,1032203,1032103,1,1,2,1,1,2
1032204,1032204,1032204,1032104,1,1,2,1,1,2
1032205,1032205,1032205,1032105,1,1,2,1,1,2
1032206,1032206,1032206,1032106,1,1,2,1,1,2
1032301,1032301,1033301,1032201,1,2,2,1,2,2
1032302,1032302,1033302,1032202,1,2,2,1,2,2
1032303,1032303,1033303,1032203,1,2,2,1,2,2
1032304,1032304,1033304,1032204,1,2,2,1,2,2
1032305,1032305,1033305,1032205,1,2,2,1,2,2
1032306,1032306,1033306,1032206,1,2,2,1,2,2
1032401,1032401,1033401,1012301,1,2,2,1,2,2
1032402,1032402,1033402,1012302,1,2,2,1,2,2
1032403,1032403,1033403,1012303,1,2,2,1,2,2
1032404,1032404,1033404,1012304,1,2,2,1,2,2
1032405,1032405,1033405,1012305,1,2,2,1,2,2
1032406,1032406,1033406,1012306,1,2,2,1,2,2
1033101,1033101,1033101,1033101,1,1,2,1,1,2
1033102,1033102,1033102,1033102,1,1,2,1,1,2
1033103,1033103,1033103,1033103,1,1,2,1,1,2
1033104,1033104,1033104,1033104,1,1,2,1,1,2
1033105,1033105,1033105,1033105,1,1,2,1,1,2
1033106,1033106,1033106,1033106,1,1,2,1,1,2
1033201,1033201,1033201,1033101,1,1,2,1,1,2
1033202,1033202,1033202,1033102,1,1,2,1,1,2
1033203,1033203,1033203,1033103,1,1,2,1,1,2
1033204,1033204,1033204,1033104,1,1,2,1,1,2
1033205,1033205,1033205,1033105,1,1,2,1,1,2
1033206,1033206,1033206,1033106,1,1,2,1,1,2
1033301,1032301,1033301,1033201,2,1,2,2,1,2
1033302,1032302,1033302,1033202,2,1,2,2,1,2
1033303,1032303,1033303,1033203,2,1,2,2,1,2
1033304,1032304,1033304,1033204,2,1,2,2,1,2
1033305,1032305,1033305,1033205,2,1,2,2,1,2
1033306,1032306,1033306,1033206,2,1,2,2,1,2
1033401,1032401,1033401,1013301,2,1,2,2,1,2
1033402,1032402,1033402,1013302,2,1,2,2,1,2
1033403,1032403,1033403,1013303,2,1,2,2,1,2
1033404,1032404,1033404,1013304,2,1,2,2,1,2
1033405,1032405,1033405,1013305,2,1,2,2,1,2
1033406,1032406,1033406,1013306,2,1,2,2,1,2
1034101,1034101,1034101,1034101,1,1,2,1,1,2
1034102,1034102,1034102,1034102,1,1,2,1,1,2
1034103,1034103,1034103,1034103,1,1,2,1,1,2
1034104,1034104,1034104,1034104,1,1,2,1,1,2
1034105,1034105,1034105,1034105,1,1,2,1,1,2
1034106,1034106,1034106,1034106,1,1,2,1,1,2
1034201,1034201,1034201,1034101,1,1,2,1,1,2
1034202,1034202,1034202,1034102,1,1,2,1,1,2
1034203,1034203,1034203,1034103,1,1,2,1,1,2
1034204,1034204,1034204,1034104,1,1,2,1,1,2
1034205,1034205,1034205,1034105,1,1,2,1,1,2
1034206,1034206,1034206,1034106,1,1,2,1,1,2
1034301,1032301,1033301,1034201,2,2,2,2,2,2
1034302,1032302,1033302,1034202,2,2,2,2,2,2
1034303,1032303,1033303,1034203,2,2,2,2,2,2
1034304,1032304,1033304,1034204,2,2,2,2,2,2
1034305,1032305,1033305,1034205,2,2,2,2,2,2
1034306,1032306,1033306,1034206,2,2,2,2,2,2
1034401,1032401,1033401,1014301,2,2,2,2,2,2
1034402,1032402,1033402,1014302,2,2,2,2,2,2
1034403,1032403,1033403,1014303,2,2,2,2,2,2
1034404,1032404,1033404,1014304,2,2,2,2,2,2
1034405,1032405,1033405,1014305,2,2,2,2,2,2
1034406,1032406,1033406,1014306,2,2,2,2,2,2
1051401,1051401,1051401,1051401,1,1,2,1,1,2
1051402,1051402,1053402,1051402,1,2,2,1,2,2
1051403,1052403,1053403,1051403,2,2,2,2,2,2
1051404,1052404,1053404,1051404,2,2,2,2,2,2
1051405,1052405,1053405,1051405,2,2,2,2,2,2
1051406,1052406,1053406,1051406,2,2,2,2,2,2
1052101,1052101,1052101,1052101,1,1,2,1,1,2
1052102,1052102,1052102,1052102,1,1,2,1,1,2
1052103,1052103,1052103,1052103,1,1,2,1,1,2
1052104,1052104,1052104,1052104,1,1,2,1,1,2
1052105,1052105,1052105,1052105,1,1,2,1,1,2
1052106,1052106,1052106,1052106,1,1,2,1,1,2
1052201,1052201,1052201,1052101,1,1,2,1,1,2
1052202,1052202,1052202,1052102,1,1,2,1,1,2
1052203,1052203,1052203,1052103,1,1,2,1,1,2
1052204,1052204,1052204,1052104,1,1,2,1,1,2
1052205,1052205,1052205,1052105,1,1,2,1,1,2
1052206,1052206,1052206,1052106,1,1,2,1,1,2
1052301,1052301,1053301,1052201,1,2,2,1,2,2
1052302,1052302,1053302,1052202,1,2,2,1,2,2
1052303,1052303,1053303,1052203,1,2,2,1,2,2
1052304,1052304,1053304,1052204,1,2,2,1,2,2
1052305,1052305,1053305,1052205,1,2,2,1,2,2
1052306,1052306,1053306,1052206,1,2,2,1,2,2
1052401,1052401,1053401,1012301,1,2,2,1,2,2
1052402,1052402,1053402,1012302,1,2,2,1,2,2
1052403,1052403,1053403,1012303,1,2,2,1,2,2
1052404,1052404,1053404,1012304,1,2,2,1,2,2
1052405,1052405,1053405,1012305,1,2,2,1,2,2
1052406,1052406,1053406,1012306,1,2,2,1,2,2
1053101,1053101,1053101,1053101,1,1,2,1,1,2
1053102,1053102,1053102,1053102,1,1,2,1,1,2
1053103,1053103,1053103,1053103,1,1,2,1,1,2
1053104,1053104,1053104,1053104,1,1,2,1,1,2
1053105,1053105,1053105,1053105,1,1,2,1,1,2
1053106,1053106,1053106,1053106,1,1,2,1,1,2
1053201,1053201,1053201,1053101,1,1,2,1,1,2
1053202,1053202,1053202,1053102,1,1,2,1,1,2
1053203,1053203,1053203,1053103,1,1,2,1,1,2
1053204,1053204,1053204,1053104,1,1,2,1,1,2
1053205,1053205,1053205,1053105,1,1,2,1,1,2
1053206,1053206,1053206,1053106,1,1,2,1,1,2
1053301,1052301,1053301,1053201,2,1,2,2,1,2
1053302,1052302,1053302,1053202,2,1,2,2,1,2
1053303,1052303,1053303,1053203,2,1,2,2,1,2
1053304,1052304,1053304,1053204,2,1,2,2,1,2
1053305,1052305,1053305,1053205,2,1,2,2,1,2
1053306,1052306,1053306,1053206,2,1,2,2,1,2
1053401,1052401,1053401,1013301,2,1,2,2,1,2
1053402,1052402,1053402,1013302,2,1,2,2,1,2
1053403,1052403,1053403,1013303,2,1,2,2,1,2
1053404,1052404,1053404,1013304,2,1,2,2,1,2
1053405,1052405,1053405,1013305,2,1,2,2,1,2
1053406,1052406,1053406,1013306,2,1,2,2,1,2
1054101,1054101,1054101,1054101,1,1,2,1,1,2
1054102,1054102,1054102,1054102,1,1,2,1,1,2
1054103,1054103,1054103,1054103,1,1,2,1,1,2
1054104,1054104,1054104,1054104,1,1,2,1,1,2
1054105,1054105,1054105,1054105,1,1,2,1,1,2
1054106,1054106,1054106,1054106,1,1,2,1,1,2
1054201,1054201,1054201,1054101,1,1,2,1,1,2
1054202,1054202,1054202,1054102,1,1,2,1,1,2
1054203,1054203,1054203,1054103,1,1,2,1,1,2
1054204,1054204,1054204,1054104,1,1,2,1,1,2
1054205,1054205,1054205,1054105,1,1,2,1,1,2
1054206,1054206,1054206,1054106,1,1,2,1,1,2
1054301,1052301,1053301,1054201,2,2,2,2,2,2
1054302,1052302,1053302,1054202,2,2,2,2,2,2
1054303,1052303,1053303,1054203,2,2,2,2,2,2
1054304,1052304,1053304,1054204,2,2,2,2,2,2
1054305,1052305,1053305,1054205,2,2,2,2,2,2
1054306,1052306,1053306,1054206,2,2,2,2,2,2
1054401,1052401,1053401,1014301,2,2,2,2,2,2
1054402,1052402,1053402,1014302,2,2,2,2,2,2
1054403,1052403,1053403,1014303,2,2,2,2,2,2
1054404,1052404,1053404,1014304,2,2,2,2,2,2
1054405,1052405,1053405,1014305,2,2,2,2,2,2
1054406,1052406,1053406,1014306,2,2,2,2,2,2
1061401,1061401,1061401,1061401,1,1,2,1,1,2
1069000,1069000,1069000,1069000,1,1,2,1,1,2
1071401,1071401,1071401,1071401,1,1,2,1,1,2
2011101,2011101,2011101,2011101,1,1,2,1,1,2
2011102,2011102,2011102,2011102,1,1,2,1,1,2
2011103,2011103,2011103,2011103,1,1,2,1,1,2
2011104,2011104,2011104,2011104,1,1,2,1,1,2
2011105,2011105,2011105,2011105,1,1,2,1,1,2
2011106,2011106,2011106,2011106,1,1,2,1,1,2
2011201,2011201,2011201,2011101,1,1,2,1,1,2
2011202,2011202,2011202,2011102,1,1,2,1,1,2
2011203,2011203,2011203,2011103,1,1,2,1,1,2
2011204,2011204,2011204,2011104,1,1,2,1,1,2
2011205,2011205,2011205,2011105,1,1,2,1,1,2
2011206,2011206,2011206,2011106,1,1,2,1,1,2
2011301,2011301,2011301,2011201,1,1,2,1,1,2
2011302,2011302,2013302,2011202,1,2,2,1,2,2
2011303,2012303,2013303,2011203,2,2,2,2,2,2
2011304,2012304,2013304,2011204,2,2,2,2,2,2
2011305,2012305,2013305,2011205,2,2,2,2,2,2
2011306,2012306,2013306,2011206,2,2,2,2,2,2
2012101,2012101,2012101,2012101,1,1,2,1,1,2
2012102,2012102,2012102,2012102,1,1,2,1,1,2
2012103,2012103,2012103,2012103,1,1,2,1,1,2
2012104,2012104,2012104,2012104,1,1,2,1,1,2
2012105,2012105,2012105,2012105,1,1,2,1,1,2
2012106,2012106,2012106,2012106,1,1,2,1,1,2
2012201,2012201,2012201,2012101,1,1,2,1,1,2
2012202,2012202,2012202,2012102,1,1,2,1,1,2
2012203,2012203,2012203,2012103,1,1,2,1,1,2
2012204,2012204,2012204,2012104,1,1,2,1,1,2
2012205,2012205,2012205,2012105,1,1,2,1,1,2
2012206,2012206,2012206,2012106,1,1,2,1,1,2
2012301,2012301,2013301,2012201,1,2,2,1,2,2
2012302,2012302,2013302,2012202,1,2,2,1,2,2
2012303,2012303,2013303,2012203,1,2,2,1,2,2
2012304,2012304,2013304,2012204,1,2,2,1,2,2
2012305,2012305,2013305,2012205,1,2,2,1,2,2
2012306,2012306,2013306,2012206,1,2,2,1,2,2
2012401,2012401,2013401,2012301,1,2,2,1,2,2
2012402,2012402,2013402,2012302,1,2,2,1,2,2
2012403,2012403,2013403,2012303,1,2,2,1,2,2
2012404,2012404,2013404,2012304,1,2,2,1,2,2
2012405,2012405,2013405,2012305,1,2,2,1,2,2
2012406,2012406,2013406,2012306,1,2,2,1,2,2
2013101,2013101,2013101,2013101,1,1,2,1,1,2
2013102,2013102,2013102,2013102,1,1,2,1,1,2
2013103,2013103,2013103,2013103,1,1,2,1,1,2
2013104,2013104,2013104,2013104,1,1,2,1,1,2
2013105,2013105,2013105,2013105,1,1,2,1,1,2
2013106,2013106,2013106,2013106,1,1,2,1,1,2
2013201,2013201,2013201,2013101,1,1,2,1,1,2
2013202,2013202,2013202,2013102,1,1,2,1,1,2
2013203,2013203,2013203,2013103,1,1,2,1,1,2
2013204,2013204,2013204,2013104,1,1,2,1,1,2
2013205,2013205,2013205,2013105,1,1,2,1,1,2
2013206,2013206,2013206,2013106,1,1,2,1,1,2
2013301,2012301,2013301,2013201,2,1,2,2,1,2
2013302,2012302,2013302,2013202,2,1,2,2,1,2
2013303,2012303,2013303,2013203,2,1,2,2,1,2
2013304,2012304,2013304,2013204,2,1,2,2,1,2
2013305,2012305,2013305,2013205,2,1,2,2,1,2
2013306,2012306,2013306,2013206,2,1,2,2,1,2
2013401,2012401,2013401,2013301,2,1,2,2,1,2
2013402,2012402,2013402,2013302,2,1,2,2,1,2
2013403,2012403,2013403,2013303,2,1,2,2,1,2
2013404,2012404,2013404,2013304,2,1,2,2,1,2
2013405,2012405,2013405,2013305,2,1,2,2,1,2
2013406,2012406,2013406,2013306,2,1,2,2,1,2
2014101,2014101,2014101,2014101,1,1,2,1,1,2
2014102,2014102,2014102,2014102,1,1,2,1,1,2
2014103,2014103,2014103,2014103,1,1,2,1,1,2
2014104,2014104,2014104,2014104,1,1,2,1,1,2
2014105,2014105,2014105,2014105,1,1,2,1,1,2
2014106,2014106,2014106,2014106,1,1,2,1,1,2
2014201,2014201,2014201,2014101,1,1,2,1,1,2
2014202,2014202,2014202,2014102,1,1,2,1,1,2
2014203,2014203,2014203,2014103,1,1,2,1,1,2
2014204,2014204,2014204,2014104,1,1,2,1,1,2
2014205,2014205,2014205,2014105,1,1,2,1,1,2
2014206,2014206,2014206,2014106,1,1,2,1,1,2
2014301,2012301,2013301,2014201,2,2,2,2,2,2
2014302,2012302,2013302,2014202,2,2,2,2,2,2
2014303,2012303,2013303,2014203,2,2,2,2,2,2
2014304,2012304,2013304,2014204,2,2,2,2,2,2
2014305,2012305,2013305,2014205,2,2,2,2,2,2
2014306,2012306,2013306,2014206,2,2,2,2,2,2
2014401,2012401,2013401,2014301,2,2,2,2,2,2
2014402,2012402,2013402,2014302,2,2,2,2,2,2
2014403,2012403,2013403,2014303,2,2,2,2,2,2
2014404,2012404,2013404,2014304,2,2,2,2,2,2
2014405,2012405,2013405,2014305,2,2,2,2,2,2
2014406,2012406,2013406,2014306,2,2,2,2,2,2
2015101,2015101,2015101,2015101,1,1,2,1,1,2
2015102,2015102,2015102,2015102,1,1,2,1,1,2
2015103,2015103,2015103,2015103,1,1,2,1,1,2
2015104,2015104,2015104,2015104,1,1,2,1,1,2
2015201,2015201,2015201,2015201,1,1,2,1,1,2
2015202,2015202,2015202,2015202,1,1,2,1,1,2
2015203,2015203,2015203,2015203,1,1,2,1,1,2
2015204,2015204,2015204,2015204,1,1,2,1,1,2
2015201,2015201,2015301,2015301,1,1,2,1,1,2
2015302,2016302,2017302,2015302,2,2,2,2,2,2
2015303,2016303,2017303,2015203,2,2,2,2,2,2
2015304,2016304,2017304,2015204,2,2,2,2,2,2
2015401,2016401,2017401,2015401,2,2,2,2,2,2
2015402,2016402,2017402,2015302,2,2,2,2,2,2
2015403,2016403,2017403,2015303,2,2,2,2,2,2
2015404,2016404,2017404,2015304,2,2,2,2,2,2
2016101,2016101,2016101,2016101,1,1,2,1,1,2
2016102,2016102,2016102,2016102,1,1,2,1,1,2
2016103,2016103,2016103,2016103,1,1,2,1,1,2
2016104,2016104,2016104,2016104,1,1,2,1,1,2
2016201,2016201,2016201,2016101,1,1,2,1,1,2
2016202,2016202,2016202,2016102,1,1,2,1,1,2
2016203,2016203,2016203,2016103,1,1,2,1,1,2
2016204,2016204,2016204,2016104,1,1,2,1,1,2
2016301,2016301,2017301,2016301,1,1,2,1,1,2
2016302,2016302,2017302,2016302,1,2,2,1,2,2
2016303,2016303,2017303,2016203,1,2,2,1,2,2
2016304,2016304,2017304,2016204,1,2,2,1,2,2
2016401,2016401,2017401,2016401,1,2,2,1,2,2
2016402,2016402,2017402,2016302,1,2,2,1,2,2
2016403,2016403,2017403,2016303,1,2,2,1,2,2
2016404,2016404,2017404,2016304,1,2,2,1,2,2
2017101,2017101,2017101,2017101,1,1,2,1,1,2
2017102,2017102,2017102,2017102,1,1,2,1,1,2
2017103,2017103,2017103,2017103,1,1,2,1,1,2
2017104,2017104,2017104,2017104,1,1,2,1,1,2
2017201,2017201,2017201,2017101,1,1,2,1,1,2
2017202,2017202,2017202,2017102,1,1,2,1,1,2
2017203,2017203,2017203,2017103,1,1,2,1,1,2
2017204,2017204,2017204,2017104,1,1,2,1,1,2
2017301,2016301,2017301,2017301,1,1,2,1,1,2
2017302,2016302,2017302,2017302,2,1,2,2,1,2
2017303,2016303,2017303,2017203,2,1,2,2,1,2
2017304,2016304,2017304,2017204,2,1,2,2,1,2
2017401,2016401,2017401,2017401,2,1,2,2,1,2
2017402,2016402,2017402,2017302,2,1,2,2,1,2
2017403,2016403,2017403,2017303,2,1,2,2,1,2
2017404,2016404,2017404,2017304,2,1,2,2,1,2
2018101,2018101,2018101,2018101,1,1,2,1,1,2
2018102,2018102,2018102,2018102,1,1,2,1,1,2
2018103,2018103,2018103,2018103,1,1,2,1,1,2
2018104,2018104,2018104,2018104,1,1,2,1,1,2
2018201,2018201,2018201,2018101,1,1,2,1,1,2
2018202,2018202,2018202,2018102,1,1,2,1,1,2
2018203,2018203,2018203,2018103,1,1,2,1,1,2
2018204,2018204,2018204,2018104,1,1,2,1,1,2
2018301,2016301,2017301,2018301,1,1,2,1,1,2
2018302,2016302,2017302,2018302,2,2,2,2,2,2
2018303,2016303,2017303,2018203,2,2,2,2,2,2
2018304,2016304,2017304,2018204,2,2,2,2,2,2
2018401,2016401,2017401,2018401,2,2,2,2,2,2
2018402,2016402,2017402,2018302,2,2,2,2,2,2
2018403,2016403,2017403,2018303,2,2,2,2,2,2
2018404,2016404,2017404,2018304,2,2,2,2,2,2
2031401,2031401,2031401,2031401,1,1,2,1,1,2
2031402,2031402,2033402,2031402,1,2,2,1,2,2
2031403,2032403,2033403,2031403,2,2,2,2,2,2
2031404,2032404,2033404,2031404,2,2,2,2,2,2
2031405,2032405,2033405,2031405,2,2,2,2,2,2
2031406,2032406,2033406,2031406,2,2,2,2,2,2
2032101,2032101,2032101,2032101,1,1,2,1,1,2
2032102,2032102,2032102,2032102,1,1,2,1,1,2
2032103,2032103,2032103,2032103,1,1,2,1,1,2
2032104,2032104,2032104,2032104,1,1,2,1,1,2
2032105,2032105,2032105,2032105,1,1,2,1,1,2
2032106,2032106,2032106,2032106,1,1,2,1,1,2
2032201,2032201,2032201,2032101,1,1,2,1,1,2
2032202,2032202,2032202,2032102,1,1,2,1,1,2
2032203,2032203,2032203,2032103,1,1,2,1,1,2
2032204,2032204,2032204,2032104,1,1,2,1,1,2
2032205,2032205,2032205,2032105,1,1,2,1,1,2
2032206,2032206,2032206,2032106,1,1,2,1,1,2
2032301,2032301,2033301,2032201,1,2,2,1,2,2
2032302,2032302,2033302,2032202,1,2,2,1,2,2
2032303,2032303,2033303,2032203,1,2,2,1,2,2
2032304,2032304,2033304,2032204,1,2,2,1,2,2
2032305,2032305,2033305,2032205,1,2,2,1,2,2
2032306,2032306,2033306,2032206,1,2,2,1,2,2
2032401,2032401,2033401,2032301,1,2,2,1,2,2
2032402,2032402,2033402,2032302,1,2,2,1,2,2
2032403,2032403,2033403,2032303,1,2,2,1,2,2
2032404,2032404,2033404,2032304,1,2,2,1,2,2
2032405,2032405,2033405,2032305,1,2,2,1,2,2
2032406,2032406,2033406,2032306,1,2,2,1,2,2
2033101,2033101,2033101,2033101,1,1,2,1,1,2
2033102,2033102,2033102,2033102,1,1,2,1,1,2
2033103,2033103,2033103,2033103,1,1,2,1,1,2
2033104,2033104,2033104,2033104,1,1,2,1,1,2
2033105,2033105,2033105,2033105,1,1,2,1,1,2
2033106,2033106,2033106,2033106,1,1,2,1,1,2
2033201,2033201,2033201,2033101,1,1,2,1,1,2
2033202,2033202,2033202,2033102,1,1,2,1,1,2
2033203,2033203,2033203,2033103,1,1,2,1,1,2
2033204,2033204,2033204,2033104,1,1,2,1,1,2
2033205,2033205,2033205,2033105,1,1,2,1,1,2
2033206,2033206,2033206,2033106,1,1,2,1,1,2
2033301,2032301,2033301,2033201,2,1,2,2,1,2
2033302,2032302,2033302,2033202,2,1,2,2,1,2
2033303,2032303,2033303,2033203,2,1,2,2,1,2
2033304,2032304,2033304,2033204,2,1,2,2,1,2
2033305,2032305,2033305,2033205,2,1,2,2,1,2
2033306,2032306,2033306,2033206,2,1,2,2,1,2
2033401,2032401,2033401,2033301,2,1,2,2,1,2
2033402,2032402,2033402,2033302,2,1,2,2,1,2
2033403,2032403,2033403,2033303,2,1,2,2,1,2
2033404,2032404,2033404,2033304,2,1,2,2,1,2
2033405,2032405,2033405,2033305,2,1,2,2,1,2
2033406,2032406,2033406,2033306,2,1,2,2,1,2
2034101,2034101,2034101,2034101,1,1,2,1,1,2
2034102,2034102,2034102,2034102,1,1,2,1,1,2
2034103,2034103,2034103,2034103,1,1,2,1,1,2
2034104,2034104,2034104,2034104,1,1,2,1,1,2
2034105,2034105,2034105,2034105,1,1,2,1,1,2
2034106,2034106,2034106,2034106,1,1,2,1,1,2
2034201,2034201,2034201,2034101,1,1,2,1,1,2
2034202,2034202,2034202,2034102,1,1,2,1,1,2
2034203,2034203,2034203,2034103,1,1,2,1,1,2
2034204,2034204,2034204,2034104,1,1,2,1,1,2
2034205,2034205,2034205,2034105,1,1,2,1,1,2
2034206,2034206,2034206,2034106,1,1,2,1,1,2
2034301,2032301,2033301,2034201,2,2,2,2,2,2
2034302,2032302,2033302,2034202,2,2,2,2,2,2
2034303,2032303,2033303,2034203,2,2,2,2,2,2
2034304,2032304,2033304,2034204,2,2,2,2,2,2
2034305,2032305,2033305,2034205,2,2,2,2,2,2
2034306,2032306,2033306,2034206,2,2,2,2,2,2
2034401,2032401,2033401,2034301,2,2,2,2,2,2
2034402,2032402,2033402,2034302,2,2,2,2,2,2
2034403,2032403,2033403,2034303,2,2,2,2,2,2
2034404,2032404,2033404,2034304,2,2,2,2,2,2
2034405,2032405,2033405,2034305,2,2,2,2,2,2
2034406,2032406,2033406,2034306,2,2,2,2,2,2
3011101,3011101,3011101,3011101,1,1,2,1,1,2
3011102,3011102,3011102,3011102,1,1,2,1,1,2
3011103,3011103,3011103,3011103,1,1,2,1,1,2
3011104,3011104,3011104,3011104,1,1,2,1,1,2
3011105,3011105,3011105,3011105,1,1,2,1,1,2
3011106,3011106,3011106,3011106,1,1,2,1,1,2
3011201,3011201,3011201,3011101,1,1,2,1,1,2
3011202,3011202,3011202,3011102,1,1,2,1,1,2
3011203,3011203,3011203,3011103,1,1,2,1,1,2
3011204,3011204,3011204,3011104,1,1,2,1,1,2
3011205,3011205,3011205,3011105,1,1,2,1,1,2
3011206,3011206,3011206,3011106,1,1,2,1,1,2
3011301,3011301,3011301,3011201,1,1,2,1,1,2
3011302,3011302,3013302,3011202,1,2,2,1,2,2
3011303,3012303,3013303,3011203,2,2,2,2,2,2
3011304,3012304,3013304,3011204,2,2,2,2,2,2
3011305,3012305,3013305,3011205,2,2,2,2,2,2
3011306,3012306,3013306,3011206,2,2,2,2,2,2
3012101,3012101,3012101,3012101,1,1,2,1,1,2
3012102,3012102,3012102,3012102,1,1,2,1,1,2
3012103,3012103,3012103,3012103,1,1,2,1,1,2
3012104,3012104,3012104,3012104,1,1,2,1,1,2
3012105,3012105,3012105,3012105,1,1,2,1,1,2
3012106,3012106,3012106,3012106,1,1,2,1,1,2
3012201,3012201,3012201,3012101,1,1,2,1,1,2
3012202,3012202,3012202,3012102,1,1,2,1,1,2
3012203,3012203,3012203,3012103,1,1,2,1,1,2
3012204,3012204,3012204,3012104,1,1,2,1,1,2
3012205,3012205,3012205,3012105,1,1,2,1,1,2
3012206,3012206,3012206,3012106,1,1,2,1,1,2
3012301,3012301,3013301,3012201,1,2,2,1,2,2
3012302,3012302,3013302,3012202,1,2,2,1,2,2
3012303,3012303,3013303,3012203,1,2,2,1,2,2
3012304,3012304,3013304,3012204,1,2,2,1,2,2
3012305,3012305,3013305,3012205,1,2,2,1,2,2
3012306,3012306,3013306,3012206,1,2,2,1,2,2
3012401,3012401,3013401,3012301,1,2,2,1,2,2
3012402,3012402,3013402,3012302,1,2,2,1,2,2
3012403,3012403,3013403,3012303,1,2,2,1,2,2
3012404,3012404,3013404,3012304,1,2,2,1,2,2
3012405,3012405,3013405,3012305,1,2,2,1,2,2
3012406,3012406,3013406,3012306,1,2,2,1,2,2
3013101,3013101,3013101,3013101,1,1,2,1,1,2
3013102,3013102,3013102,3013102,1,1,2,1,1,2
3013103,3013103,3013103,3013103,1,1,2,1,1,2
3013104,3013104,3013104,3013104,1,1,2,1,1,2
3013105,3013105,3013105,3013105,1,1,2,1,1,2
3013106,3013106,3013106,3013106,1,1,2,1,1,2
3013201,3013201,3013201,3013101,1,1,2,1,1,2
3013202,3013202,3013202,3013102,1,1,2,1,1,2
3013203,3013203,3013203,3013103,1,1,2,1,1,2
3013204,3013204,3013204,3013104,1,1,2,1,1,2
3013205,3013205,3013205,3013105,1,1,2,1,1,2
3013206,3013206,3013206,3013106,1,1,2,1,1,2
3013301,3012301,3013301,3013201,2,1,2,2,1,2
3013302,3012302,3013302,3013202,2,1,2,2,1,2
3013303,3012303,3013303,3013203,2,1,2,2,1,2
3013304,3012304,3013304,3013204,2,1,2,2,1,2
3013305,3012305,3013305,3013205,2,1,2,2,1,2
3013306,3012306,3013306,3013206,2,1,2,2,1,2
3013401,3012401,3013401,3013301,2,1,2,2,1,2
3013402,3012402,3013402,3013302,2,1,2,2,1,2
3013403,3012403,3013403,3013303,2,1,2,2,1,2
3013404,3012404,3013404,3013304,2,1,2,2,1,2
3013405,3012405,3013405,3013305,2,1,2,2,1,2
3013406,3012406,3013406,3013306,2,1,2,2,1,2
3014101,3014101,3014101,3014101,1,1,2,1,1,2
3014102,3014102,3014102,3014102,1,1,2,1,1,2
3014103,3014103,3014103,3014103,1,1,2,1,1,2
3014104,3014104,3014104,3014104,1,1,2,1,1,2
3014105,3014105,3014105,3014105,1,1,2,1,1,2
3014106,3014106,3014106,3014106,1,1,2,1,1,2
3014201,3014201,3014201,3014101,1,1,2,1,1,2
3014202,3014202,3014202,3014102,1,1,2,1,1,2
3014203,3014203,3014203,3014103,1,1,2,1,1,2
3014204,3014204,3014204,3014104,1,1,2,1,1,2
3014205,3014205,3014205,3014105,1,1,2,1,1,2
3014206,3014206,3014206,3014106,1,1,2,1,1,2
3014301,3012301,3014301,3014201,2,1,2,2,1,2
3014302,3012302,3014302,3014202,2,1,2,2,1,2
3014303,3012303,3014303,3014203,2,1,2,2,1,2
3014304,3012304,3014304,3014204,2,1,2,2,1,2
3014305,3012305,3014305,3014205,2,1,2,2,1,2
3014306,3012306,3014306,3014206,2,1,2,2,1,2
3014401,3012401,3014401,3014301,2,1,2,2,1,2
3014402,3012402,3014402,3014302,2,1,2,2,1,2
3014403,3012403,3014403,3014303,2,1,2,2,1,2
3014404,3012404,3014404,3014304,2,1,2,2,1,2
3014405,3012405,3014405,3014305,2,1,2,2,1,2
3014406,3012406,3014406,3014306,2,1,2,2,1,2
3015103,3015103,3015103,3015103,1,1,2,1,1,2
3015104,3015104,3015104,3015104,1,1,2,1,1,2
3015203,3015203,3015203,3015103,1,1,2,1,1,2
3015204,3015204,3015204,3015104,1,1,2,1,1,2
3015302,3016302,3017302,3015302,2,2,2,2,2,2
3015303,3016303,3017303,3015203,2,2,2,2,2,2
3015304,3016304,3017304,3015204,2,2,2,2,2,2
3015401,3016401,3017401,3015401,2,2,2,2,2,2
3015402,3016402,3017402,3015302,2,2,2,2,2,2
3015403,3016403,3017403,3015303,2,2,2,2,2,2
3015404,3016404,3017404,3015304,2,2,2,2,2,2
3016101,3016101,3016101,3016101,1,1,2,1,1,2
3016102,3016102,3016102,3016102,1,1,2,1,1,2
3016103,3016103,3016103,3016103,1,1,2,1,1,2
3016104,3016104,3016104,3016104,1,1,2,1,1,2
3016201,3016201,3016201,3016101,1,1,2,1,1,2
3016202,3016202,3016202,3016102,1,1,2,1,1,2
3016203,3016203,3016203,3016103,1,1,2,1,1,2
3016204,3016204,3016204,3016104,1,1,2,1,1,2
3016301,3016301,3017301,3016301,1,1,2,1,1,2
3016302,3016302,3017302,3016302,1,2,2,1,2,2
3016303,3016303,3017303,3016203,1,2,2,1,2,2
3016304,3016304,3017304,3016204,1,2,2,1,2,2
3016401,3016401,3017401,3016401,1,2,2,1,2,2
3016402,3016402,3017402,3016302,1,2,2,1,2,2
3016403,3016403,3017403,3016303,1,2,2,1,2,2
3016404,3016404,3017404,3016304,1,2,2,1,2,2
3017101,3017101,3017101,3017101,1,1,2,1,1,2
3017102,3017102,3017102,3017102,1,1,2,1,1,2
3017103,3017103,3017103,3017103,1,1,2,1,1,2
3017104,3017104,3017104,3017104,1,1,2,1,1,2
3017201,3017201,3017201,3017101,1,1,2,1,1,2
3017202,3017202,3017202,3017102,1,1,2,1,1,2
3017203,3017203,3017203,3017103,1,1,2,1,1,2
3017204,3017204,3017204,3017104,1,1,2,1,1,2
3017301,3016301,3017301,3017301,1,1,2,1,1,2
3017302,3016302,3017302,3017302,2,1,2,2,1,2
3017303,3016303,3017303,3017203,2,1,2,2,1,2
3017304,3016304,3017304,3017204,2,1,2,2,1,2
3017401,3016401,3017401,3017401,2,1,2,2,1,2
3017402,3016402,3017402,3017302,2,1,2,2,1,2
3017403,3016403,3017403,3017303,2,1,2,2,1,2
3017404,3016404,3017404,3017304,2,1,2,2,1,2
3018101,3018101,3018101,3018101,1,1,2,1,1,2
3018102,3018102,3018102,3018102,1,1,2,1,1,2
3018103,3018103,3018103,3018103,1,1,2,1,1,2
3018104,3018104,3018104,3018104,1,1,2,1,1,2
3018201,3018201,3018201,3018101,1,1,2,1,1,2
3018202,3018202,3018202,3018102,1,1,2,1,1,2
3018203,3018203,3018203,3018103,1,1,2,1,1,2
3018204,3018204,3018204,3018104,1,1,2,1,1,2
3018301,3016301,3017301,3018301,1,1,2,1,1,2
3018302,3016302,3017302,3018302,2,2,2,2,2,2
3018303,3016303,3017303,3018203,2,2,2,2,2,2
3018304,3016304,3017304,3018204,2,2,2,2,2,2
3018401,3016401,3017401,3018401,2,2,2,2,2,2
3018402,3016402,3017402,3018302,2,2,2,2,2,2
3018403,3016403,3017403,3018303,2,2,2,2,2,2
3018404,3016404,3017404,3018304,2,2,2,2,2,2
3021401,3021401,3021401,3021401,1,1,2,1,1,2
3021402,3021402,3023402,3021402,1,2,2,1,2,2
3021403,3022403,3023403,3021403,2,2,2,2,2,2
3021404,3022404,3023404,3021404,2,2,2,2,2,2
3021405,3022405,3023405,3021405,2,2,2,2,2,2
3021406,3022406,3023406,3021406,2,2,2,2,2,2
3022101,3022101,3022101,3022101,1,1,2,1,1,2
3022102,3022102,3022102,3022102,1,1,2,1,1,2
3022103,3022103,3022103,3022103,1,1,2,1,1,2
3022104,3022104,3022104,3022104,1,1,2,1,1,2
3022105,3022105,3022105,3022105,1,1,2,1,1,2
3022106,3022106,3022106,3022106,1,1,2,1,1,2
3022201,3022201,3022201,3022101,1,1,2,1,1,2
3022202,3022202,3022202,3022102,1,1,2,1,1,2
3022203,3022203,3022203,3022103,1,1,2,1,1,2
3022204,3022204,3022204,3022104,1,1,2,1,1,2
3022205,3022205,3022205,3022105,1,1,2,1,1,2
3022206,3022206,3022206,3022106,1,1,2,1,1,2
3022301,3022301,3023301,3022201,1,2,2,1,2,2
3022302,3022302,3023302,3022202,1,2,2,1,2,2
3022303,3022303,3023303,3022203,1,2,2,1,2,2
3022304,3022304,3023304,3022204,1,2,2,1,2,2
3022305,3022305,3023305,3022205,1,2,2,1,2,2
3022306,3022306,3023306,3022206,1,2,2,1,2,2
3022401,3022401,3023401,3022301,1,2,2,1,2,2
3022402,3022402,3023402,3022302,1,2,2,1,2,2
3022403,3022403,3023403,3022303,1,2,2,1,2,2
3022404,3022404,3023404,3022304,1,2,2,1,2,2
3022405,3022405,3023405,3022305,1,2,2,1,2,2
3022406,3022406,3023406,3022306,1,2,2,1,2,2
3023101,3023101,3023101,3023101,1,1,2,1,1,2
3023102,3023102,3023102,3023102,1,1,2,1,1,2
3023103,3023103,3023103,3023103,1,1,2,1,1,2
3023104,3023104,3023104,3023104,1,1,2,1,1,2
3023105,3023105,3023105,3023105,1,1,2,1,1,2
3023106,3023106,3023106,3023106,1,1,2,1,1,2
3023201,3023201,3023201,3023101,1,1,2,1,1,2
3023202,3023202,3023202,3023102,1,1,2,1,1,2
3023203,3023203,3023203,3023103,1,1,2,1,1,2
3023204,3023204,3023204,3023104,1,1,2,1,1,2
3023205,3023205,3023205,3023105,1,1,2,1,1,2
3023206,3023206,3023206,3023106,1,1,2,1,1,2
3023301,3022301,3023301,3023201,2,1,2,2,1,2
3023302,3022302,3023302,3023202,2,1,2,2,1,2
3023303,3022303,3023303,3023203,2,1,2,2,1,2
3023304,3022304,3023304,3023204,2,1,2,2,1,2
3023305,3022305,3023305,3023205,2,1,2,2,1,2
3023306,3022306,3023306,3023206,2,1,2,2,1,2
3023401,3022401,3023401,3023301,2,1,2,2,1,2
3023402,3022402,3023402,3023302,2,1,2,2,1,2
3023403,3022403,3023403,3023303,2,1,2,2,1,2
3023404,3022404,3023404,3023304,2,1,2,2,1,2
3023405,3022405,3023405,3023305,2,1,2,2,1,2
3023406,3022406,3023406,3023306,2,1,2,2,1,2
3024101,3024101,3024101,3024101,1,1,2,1,1,2
3024102,3024102,3024102,3024102,1,1,2,1,1,2
3024103,3024103,3024103,3024103,1,1,2,1,1,2
3024104,3024104,3024104,3024104,1,1,2,1,1,2
3024105,3024105,3024105,3024105,1,1,2,1,1,2
3024106,3024106,3024106,3024106,1,1,2,1,1,2
3024201,3024201,3024201,3024101,1,1,2,1,1,2
3024202,3024202,3024202,3024102,1,1,2,1,1,2
3024203,3024203,3024203,3024103,1,1,2,1,1,2
3024204,3024204,3024204,3024104,1,1,2,1,1,2
3024205,3024205,3024205,3024105,1,1,2,1,1,2
3024206,3024206,3024206,3024106,1,1,2,1,1,2
3024301,3022301,3023301,3024201,2,2,2,2,2,2
3024302,3022302,3023302,3024202,2,2,2,2,2,2
3024303,3022303,3023303,3024203,2,2,2,2,2,2
3024304,3022304,3023304,3024204,2,2,2,2,2,2
3024305,3022305,3023305,3024205,2,2,2,2,2,2
3024306,3022306,3023306,3024206,2,2,2,2,2,2
3024401,3022401,3023401,3024301,2,2,2,2,2,2
3024402,3022402,3023402,3024302,2,2,2,2,2,2
3024403,3022403,3023403,3024303,2,2,2,2,2,2
3024404,3022404,3023404,3024304,2,2,2,2,2,2
3024405,3022405,3023405,3024305,2,2,2,2,2,2
3024406,3022406,3023406,3024306,2,2,2,2,2,2
3031401,3031401,3031401,3031401,1,1,2,1,1,2
3031402,3031402,3033402,3031402,1,2,2,1,2,2
3031403,3032403,3033403,3031403,2,2,2,2,2,2
3031404,3032404,3033404,3031404,2,2,2,2,2,2
3031405,3032405,3033405,3031405,2,2,2,2,2,2
3031406,3032406,3033406,3031406,2,2,2,2,2,2
3032101,3032101,3032101,3032101,1,1,2,1,1,2
3032102,3032102,3032102,3032102,1,1,2,1,1,2
3032103,3032103,3032103,3032103,1,1,2,1,1,2
3032104,3032104,3032104,3032104,1,1,2,1,1,2
3032105,3032105,3032105,3032105,1,1,2,1,1,2
3032106,3032106,3032106,3032106,1,1,2,1,1,2
3032201,3032201,3032201,3032101,1,1,2,1,1,2
3032202,3032202,3032202,3032102,1,1,2,1,1,2
3032203,3032203,3032203,3032103,1,1,2,1,1,2
3032204,3032204,3032204,3032104,1,1,2,1,1,2
3032205,3032205,3032205,3032105,1,1,2,1,1,2
3032206,3032206,3032206,3032106,1,1,2,1,1,2
3032301,3032301,3033301,3032201,1,2,2,1,2,2
3032302,3032302,3033302,3032202,1,2,2,1,2,2
3032303,3032303,3033303,3032203,1,2,2,1,2,2
3032304,3032304,3033304,3032204,1,2,2,1,2,2
3032305,3032305,3033305,3032205,1,2,2,1,2,2
3032306,3032306,3033306,3032206,1,2,2,1,2,2
3032401,3032401,3033401,3032301,1,2,2,1,2,2
3032402,3032402,3033402,3032302,1,2,2,1,2,2
3032403,3032403,3033403,3032303,1,2,2,1,2,2
3032404,3032404,3033404,3032304,1,2,2,1,2,2
3032405,3032405,3033405,3032305,1,2,2,1,2,2
3032406,3032406,3033406,3032306,1,2,2,1,2,2
3033101,3033101,3033101,3033101,1,1,2,1,1,2
3033102,3033102,3033102,3033102,1,1,2,1,1,2
3033103,3033103,3033103,3033103,1,1,2,1,1,2
3033104,3033104,3033104,3033104,1,1,2,1,1,2
3033105,3033105,3033105,3033105,1,1,2,1,1,2
3033106,3033106,3033106,3033106,1,1,2,1,1,2
3033201,3033201,3033201,3033101,1,1,2,1,1,2
3033202,3033202,3033202,3033102,1,1,2,1,1,2
3033203,3033203,3033203,3033103,1,1,2,1,1,2
3033204,3033204,3033204,3033104,1,1,2,1,1,2
3033205,3033205,3033205,3033105,1,1,2,1,1,2
3033206,3033206,3033206,3033106,1,1,2,1,1,2
3033301,3032301,3033301,3033201,2,1,2,2,1,2
3033302,3032302,3033302,3033202,2,1,2,2,1,2
3033303,3032303,3033303,3033203,2,1,2,2,1,2
3033304,3032304,3033304,3033204,2,1,2,2,1,2
3033305,3032305,3033305,3033205,2,1,2,2,1,2
3033306,3032306,3033306,3033206,2,1,2,2,1,2
3033401,3032401,3033401,3033301,2,1,2,2,1,2
3033402,3032402,3033402,3033302,2,1,2,2,1,2
3033403,3032403,3033403,3033303,2,1,2,2,1,2
3033404,3032404,3033404,3033304,2,1,2,2,1,2
3033405,3032405,3033405,3033305,2,1,2,2,1,2
3033406,3032406,3033406,3033306,2,1,2,2,1,2
3034101,3034101,3034101,3034101,1,1,2,1,1,2
3034102,3034102,3034102,3034102,1,1,2,1,1,2
3034103,3034103,3034103,3034103,1,1,2,1,1,2
3034104,3034104,3034104,3034104,1,1,2,1,1,2
3034105,3034105,3034105,3034105,1,1,2,1,1,2
3034106,3034106,3034106,3034106,1,1,2,1,1,2
3034201,3034201,3034201,3034101,1,1,2,1,1,2
3034202,3034202,3034202,3034102,1,1,2,1,1,2
3034203,3034203,3034203,3034103,1,1,2,1,1,2
3034204,3034204,3034204,3034104,1,1,2,1,1,2
3034205,3034205,3034205,3034105,1,1,2,1,1,2
3034206,3034206,3034206,3034106,1,1,2,1,1,2
3034301,3032301,3033301,3034201,2,2,2,2,2,2
3034302,3032302,3033302,3034202,2,2,2,2,2,2
3034303,3032303,3033303,3034203,2,2,2,2,2,2
3034304,3032304,3033304,3034204,2,2,2,2,2,2
3034305,3032305,3033305,3034205,2,2,2,2,2,2
3034306,3032306,3033306,3034206,2,2,2,2,2,2
3034401,3032401,3033401,3034301,2,2,2,2,2,2
3034402,3032402,3033402,3034302,2,2,2,2,2,2
3034403,3032403,3033403,3034303,2,2,2,2,2,2
3034404,3032404,3033404,3034304,2,2,2,2,2,2
3034405,3032405,3033405,3034305,2,2,2,2,2,2
3034406,3032406,3033406,3034306,2,2,2,2,2,2
3041401,3042401,3041401,3041401,2,1,2,2,1,2
3041402,3042401,3041402,3041402,2,1,2,2,1,2
3041403,3042401,3041403,3041403,2,1,2,2,1,2
3041404,3042401,3041404,3041404,2,1,2,2,1,2
3041405,3042401,3041405,3041405,2,1,2,2,1,2
3041406,3042401,3041406,3041406,2,1,2,2,1,2
3042101,3042101,3042101,3042101,1,1,2,1,1,2
3042102,3042102,3042102,3042102,1,1,2,1,1,2
3042103,3042103,3042103,3042103,1,1,2,1,1,2
3042104,3042104,3042104,3042104,1,1,2,1,1,2
3042105,3042105,3042105,3042105,1,1,2,1,1,2
3042106,3042106,3042106,3042106,1,1,2,1,1,2
3042201,3042201,3042201,3042101,1,1,2,1,1,2
3042202,3042202,3042202,3042102,1,1,2,1,1,2
3042203,3042203,3042203,3042103,1,1,2,1,1,2
3042204,3042204,3042204,3042104,1,1,2,1,1,2
3042205,3042205,3042205,3042105,1,1,2,1,1,2
3042206,3042206,3042206,3042106,1,1,2,1,1,2
3042301,3042301,3042301,3042201,1,1,2,1,1,2
3042302,3042302,3042302,3042202,1,1,2,1,1,2
3042303,3042303,3042303,3042203,1,1,2,1,1,2
3042304,3042304,3042304,3042204,1,1,2,1,1,2
3042305,3042305,3042305,3042205,1,1,2,1,1,2
3042306,3042306,3042306,3042206,1,1,2,1,1,2
3042401,3042401,3042401,3042301,1,1,2,1,1,2
3042402,3042402,3042402,3042302,1,1,2,1,1,2
3042403,3042403,3042403,3042303,1,1,2,1,1,2
3042404,3042404,3042404,3042304,1,1,2,1,1,2
3042405,3042405,3042405,3042305,1,1,2,1,1,2
3042406,3042406,3042406,3042306,1,1,2,1,1,2
3043101,3043101,3043101,3043101,1,1,2,1,1,2
3043102,3043102,3043102,3043102,1,1,2,1,1,2
3043103,3043103,3043103,3043103,1,1,2,1,1,2
3043104,3043104,3043104,3043104,1,1,2,1,1,2
3043105,3043105,3043105,3043105,1,1,2,1,1,2
3043106,3043106,3043106,3043106,1,1,2,1,1,2
3043201,3043201,3043201,3043101,1,1,2,1,1,2
3043202,3043202,3043202,3043102,1,1,2,1,1,2
3043203,3043203,3043203,3043103,1,1,2,1,1,2
3043204,3043204,3043204,3043104,1,1,2,1,1,2
3043205,3043205,3043205,3043105,1,1,2,1,1,2
3043206,3043206,3043206,3043106,1,1,2,1,1,2
3043301,3043301,3043301,3043201,1,1,2,1,1,2
3043302,3043302,3043302,3043202,1,1,2,1,1,2
3043303,3043303,3043303,3043203,1,1,2,1,1,2
3043304,3043304,3043304,3043204,1,1,2,1,1,2
3043305,3043305,3043305,3043205,1,1,2,1,1,2
3043306,3043306,3043306,3043206,1,1,2,1,1,2
3043401,3043401,3043401,3043301,1,1,2,1,1,2
3043402,3043402,3043402,3043302,1,1,2,1,1,2
3043403,3043403,3043403,3043303,1,1,2,1,1,2
3043404,3043404,3043404,3043304,1,1,2,1,1,2
3043405,3043405,3043405,3043305,1,1,2,1,1,2
3043406,3043406,3043406,3043306,1,1,2,1,1,2
3044101,3044101,3044101,3044101,1,1,2,1,1,2
3044102,3044102,3044102,3044102,1,1,2,1,1,2
3044103,3044103,3044103,3044103,1,1,2,1,1,2
3044104,3044104,3044104,3044104,1,1,2,1,1,2
3044105,3044105,3044105,3044105,1,1,2,1,1,2
3044106,3044106,3044106,3044106,1,1,2,1,1,2
3044201,3044201,3044201,3044101,1,1,2,1,1,2
3044202,3044202,3044202,3044102,1,1,2,1,1,2
3044203,3044203,3044203,3044103,1,1,2,1,1,2
3044204,3044204,3044204,3044104,1,1,2,1,1,2
3044205,3044205,3044205,3044105,1,1,2,1,1,2
3044206,3044206,3044206,3044106,1,1,2,1,1,2
3044301,3042301,3044301,3044201,2,1,2,2,1,2
3044302,3042302,3044302,3044202,2,1,2,2,1,2
3044303,3042303,3044303,3044203,2,1,2,2,1,2
3044304,3042304,3044304,3044204,2,1,2,2,1,2
3044305,3042305,3044305,3044205,2,1,2,2,1,2
3044306,3042306,3044306,3044206,2,1,2,2,1,2
3044401,3042401,3044401,3044301,2,1,2,2,1,2
3044402,3042402,3044402,3044302,2,1,2,2,1,2
3044403,3042403,3044403,3044303,2,1,2,2,1,2
3044404,3042404,3044404,3044304,2,1,2,2,1,2
3044405,3042405,3044405,3044305,2,1,2,2,1,2
3044406,3042406,3044406,3044306,2,1,2,2,1,2
3045401,3046401,3045401,3045401,2,1,2,2,1,2
3045402,3046402,3045402,3045402,2,1,2,2,1,2
3045403,3046403,3045403,3045403,2,1,2,2,1,2
3045404,3046404,3045404,3045404,2,1,2,2,1,2
3046101,3046101,3046101,3046101,1,1,2,1,1,2
3046102,3046102,3046102,3046102,1,1,2,1,1,2
3046103,3046103,3046103,3046103,1,1,2,1,1,2
3046104,3046104,3046104,3046104,1,1,2,1,1,2
3046201,3046201,3046201,3046101,1,1,2,1,1,2
3046202,3046202,3046202,3046102,1,1,2,1,1,2
3046203,3046203,3046203,3046103,1,1,2,1,1,2
3046204,3046204,3046204,3046104,1,1,2,1,1,2
3046301,3046301,3046301,3046301,1,1,2,1,1,2
3046302,3046302,3046302,3046302,1,1,2,1,1,2
3046303,3046303,3046303,3046203,1,1,2,1,1,2
3046304,3046304,3046304,3046204,1,1,2,1,1,2
3046401,3046401,3046401,3046401,1,1,2,1,1,2
3046402,3046402,3046402,3046302,1,1,2,1,1,2
3046403,3046403,3046403,3046303,1,1,2,1,1,2
3046404,3046404,3046404,3046304,1,1,2,1,1,2
3047101,3047101,3047101,3047101,1,1,2,1,1,2
3047102,3047102,3047102,3047102,1,1,2,1,1,2
3047103,3047103,3047103,3047103,1,1,2,1,1,2
3047104,3047104,3047104,3047104,1,1,2,1,1,2
3047201,3047201,3047201,3047101,1,1,2,1,1,2
3047202,3047202,3047202,3047102,1,1,2,1,1,2
3047203,3047203,3047203,3047103,1,1,2,1,1,2
3047204,3047204,3047204,3047104,1,1,2,1,1,2
3047301,3046301,3047301,3047301,1,1,2,1,1,2
3047302,3046302,3047302,3047302,2,1,2,2,1,2
3047303,3046303,3047303,3047203,2,1,2,2,1,2
3047304,3046304,3047304,3047204,2,1,2,2,1,2
3047401,3046401,3047401,3047401,2,1,2,2,1,2
3047402,3046402,3047402,3047302,2,1,2,2,1,2
3047403,3046403,3047403,3047303,2,1,2,2,1,2
3047404,3046404,3047404,3047304,2,1,2,2,1,2
3048101,3048101,3048101,3048101,1,1,2,1,1,2
3048102,3048102,3048102,3048102,1,1,2,1,1,2
3048103,3048103,3048103,3048103,1,1,2,1,1,2
3048104,3048104,3048104,3048104,1,1,2,1,1,2
3048201,3048201,3048201,3048101,1,1,2,1,1,2
3048202,3048202,3048202,3048102,1,1,2,1,1,2
3048203,3048203,3048203,3048103,1,1,2,1,1,2
3048204,3048204,3048204,3048104,1,1,2,1,1,2
3048301,3046301,3048301,3048301,1,1,2,1,1,2
3048302,3046302,3048302,3048302,2,1,2,2,1,2
3048303,3046303,3048303,3048203,2,1,2,2,1,2
3048304,3046304,3048304,3048204,2,1,2,2,1,2
3048401,3046401,3048401,3048401,2,1,2,2,1,2
3048402,3046402,3048402,3048302,2,1,2,2,1,2
3048403,3046403,3048403,3048303,2,1,2,2,1,2
3048404,3046404,3048404,3048304,2,1,2,2,1,2
4011101,4011101,4011101,4011101,1,1,2,1,1,2
4011102,4011102,4011102,4011102,1,1,2,1,1,2
4011103,4011103,4011103,4011103,1,1,2,1,1,2
4011104,4011104,4011104,4011104,1,1,2,1,1,2
4011105,4011105,4011105,4011105,1,1,2,1,1,2
4011106,4011106,4011106,4011106,1,1,2,1,1,2
4011201,4011201,4011201,4011101,1,1,2,1,1,2
4011202,4011202,4011202,4011102,1,1,2,1,1,2
4011203,4011203,4011203,4011103,1,1,2,1,1,2
4011204,4011204,4011204,4011104,1,1,2,1,1,2
4011205,4011205,4011205,4011105,1,1,2,1,1,2
4011206,4011206,4011206,4011106,1,1,2,1,1,2
4011301,4011301,4011301,4011201,1,1,2,1,1,2
4011302,4011302,4013302,4011202,1,2,2,1,2,2
4011303,4012303,4013303,4011203,2,2,2,2,2,2
4011304,4012304,4013304,4011204,2,2,2,2,2,2
4011305,4012305,4013305,4011205,2,2,2,2,2,2
4011306,4012306,4013306,4011206,2,2,2,2,2,2
4012101,4012101,4012101,4012101,1,1,2,1,1,2
4012102,4012102,4012102,4012102,1,1,2,1,1,2
4012103,4012103,4012103,4012103,1,1,2,1,1,2
4012104,4012104,4012104,4012104,1,1,2,1,1,2
4012105,4012105,4012105,4012105,1,1,2,1,1,2
4012106,4012106,4012106,4012106,1,1,2,1,1,2
4012201,4012201,4012201,4012101,1,1,2,1,1,2
4012202,4012202,4012202,4012102,1,1,2,1,1,2
4012203,4012203,4012203,4012103,1,1,2,1,1,2
4012204,4012204,4012204,4012104,1,1,2,1,1,2
4012205,4012205,4012205,4012105,1,1,2,1,1,2
4012206,4012206,4012206,4012106,1,1,2,1,1,2
4012301,4012301,4013301,4012201,1,2,2,1,2,2
4012302,4012302,4013302,4012202,1,2,2,1,2,2
4012303,4012303,4013303,4012203,1,2,2,1,2,2
4012304,4012304,4013304,4012204,1,2,2,1,2,2
4012305,4012305,4013305,4012205,1,2,2,1,2,2
4012306,4012306,4013306,4012206,1,2,2,1,2,2
4012401,4012401,4013401,4012301,1,2,2,1,2,2
4012402,4012402,4013402,4012302,1,2,2,1,2,2
4012403,4012403,4013403,4012303,1,2,2,1,2,2
4012404,4012404,4013404,4012304,1,2,2,1,2,2
4012405,4012405,4013405,4012305,1,2,2,1,2,2
4012406,4012406,4013406,4012306,1,2,2,1,2,2
4013101,4013101,4013101,4013101,1,1,2,1,1,2
4013102,4013102,4013102,4013102,1,1,2,1,1,2
4013103,4013103,4013103,4013103,1,1,2,1,1,2
4013104,4013104,4013104,4013104,1,1,2,1,1,2
4013105,4013105,4013105,4013105,1,1,2,1,1,2
4013106,4013106,4013106,4013106,1,1,2,1,1,2
4013201,4013201,4013201,4013101,1,1,2,1,1,2
4013202,4013202,4013202,4013102,1,1,2,1,1,2
4013203,4013203,4013203,4013103,1,1,2,1,1,2
4013204,4013204,4013204,4013104,1,1,2,1,1,2
4013205,4013205,4013205,4013105,1,1,2,1,1,2
4013206,4013206,4013206,4013106,1,1,2,1,1,2
4013301,4012301,4013301,4013201,2,1,2,2,1,2
4013302,4012302,4013302,4013202,2,1,2,2,1,2
4013303,4012303,4013303,4013203,2,1,2,2,1,2
4013304,4012304,4013304,4013204,2,1,2,2,1,2
4013305,4012305,4013305,4013205,2,1,2,2,1,2
4013306,4012306,4013306,4013206,2,1,2,2,1,2
4013401,4012401,4013401,4013301,2,1,2,2,1,2
4013402,4012402,4013402,4013302,2,1,2,2,1,2
4013403,4012403,4013403,4013303,2,1,2,2,1,2
4013404,4012404,4013404,4013304,2,1,2,2,1,2
4013405,4012405,4013405,4013305,2,1,2,2,1,2
4013406,4012406,4013406,4013306,2,1,2,2,1,2
4014101,4014101,4014101,4014101,1,1,2,1,1,2
4014102,4014102,4014102,4014102,1,1,2,1,1,2
4014103,4014103,4014103,4014103,1,1,2,1,1,2
4014104,4014104,4014104,4014104,1,1,2,1,1,2
4014105,4014105,4014105,4014105,1,1,2,1,1,2
4014106,4014106,4014106,4014106,1,1,2,1,1,2
4014201,4014201,4014201,4014101,1,1,2,1,1,2
4014202,4014202,4014202,4014102,1,1,2,1,1,2
4014203,4014203,4014203,4014103,1,1,2,1,1,2
4014204,4014204,4014204,4014104,1,1,2,1,1,2
4014205,4014205,4014205,4014105,1,1,2,1,1,2
4014206,4014206,4014206,4014106,1,1,2,1,1,2
4014301,4012301,4013301,4014201,2,2,2,2,2,2
4014302,4012302,4013302,4014202,2,2,2,2,2,2
4014303,4012303,4013303,4014203,2,2,2,2,2,2
4014304,4012304,4013304,4014204,2,2,2,2,2,2
4014305,4012305,4013305,4014205,2,2,2,2,2,2
4014306,4012306,4013306,4014206,2,2,2,2,2,2
4014401,4012401,4013401,4014301,2,2,2,2,2,2
4014402,4012402,4013402,4014302,2,2,2,2,2,2
4014403,4012403,4013403,4014303,2,2,2,2,2,2
4014404,4012404,4013404,4014304,2,2,2,2,2,2
4014405,4012405,4013405,4014305,2,2,2,2,2,2
4014406,4012406,4013406,4014306,2,2,2,2,2,2
4015103,4015103,4015103,4015103,1,1,2,1,1,2
4015104,4015104,4015104,4015104,1,1,2,1,1,2
4015203,4015203,4015203,4015103,1,1,2,1,1,2
4015204,4015204,4015204,4015104,1,1,2,1,1,2
4015302,4016302,4017302,4015302,2,2,2,2,2,2
4015303,4016303,4017303,4015203,2,2,2,2,2,2
4015304,4016304,4017304,4015204,2,2,2,2,2,2
4015401,4016401,4017401,4015401,2,2,2,2,2,2
4015402,4016402,4017402,4015302,2,2,2,2,2,2
4015403,4016403,4017403,4015303,2,2,2,2,2,2
4015404,4016404,4017404,4015304,2,2,2,2,2,2
4016101,4016101,4016101,4016101,1,1,2,1,1,2
4016102,4016102,4016102,4016102,1,1,2,1,1,2
4016103,4016103,4016103,4016103,1,1,2,1,1,2
4016104,4016104,4016104,4016104,1,1,2,1,1,2
4016201,4016201,4016201,4016201,1,1,2,1,1,2
4016202,4016202,4016202,4016202,1,1,2,1,1,2
4016203,4016203,4016203,4016103,1,1,2,1,1,2
4016204,4016204,4016204,4016104,1,1,2,1,1,2
4016301,4016301,4017301,4016301,1,1,2,1,1,2
4016302,4016302,4017302,4016302,1,2,2,1,2,2
4016303,4016303,4017303,4016203,1,2,2,1,2,2
4016304,4016304,4017304,4016204,1,2,2,1,2,2
4016401,4016401,4017401,4016401,1,2,2,1,2,2
4016402,4016402,4017402,4016302,1,2,2,1,2,2
4016403,4016403,4017403,4016303,1,2,2,1,2,2
4016404,4016404,4017404,4016304,1,2,2,1,2,2
4017101,4017101,4017101,4017101,1,1,2,1,1,2
4017102,4017102,4017102,4017102,1,1,2,1,1,2
4017103,4017103,4017103,4017103,1,1,2,1,1,2
4017104,4017104,4017104,4017104,1,1,2,1,1,2
4017201,4017201,4017201,4017101,1,1,2,1,1,2
4017202,4017202,4017202,4017102,1,1,2,1,1,2
4017203,4017203,4017203,4017103,1,1,2,1,1,2
4017204,4017204,4017204,4017104,1,1,2,1,1,2
4017301,4016301,4017301,4017301,1,1,2,1,1,2
4017302,4016302,4017302,4017302,2,1,2,2,1,2
4017303,4016303,4017303,4017203,2,1,2,2,1,2
4017304,4016304,4017304,4017204,2,1,2,2,1,2
4017401,4016401,4017401,4017401,2,1,2,2,1,2
4017402,4016402,4017402,4017302,2,1,2,2,1,2
4017403,4016403,4017403,4017303,2,1,2,2,1,2
4017404,4016404,4017404,4017304,2,1,2,2,1,2
4018101,4018101,4018101,4018101,1,1,2,1,1,2
4018102,4018102,4018102,4018102,1,1,2,1,1,2
4018103,4018103,4018103,4018103,1,1,2,1,1,2
4018104,4018104,4018104,4018104,1,1,2,1,1,2
4018201,4018201,4018201,4018101,1,1,2,1,1,2
4018202,4018202,4018202,4018102,1,1,2,1,1,2
4018203,4018203,4018203,4018103,1,1,2,1,1,2
4018204,4018204,4018204,4018104,1,1,2,1,1,2
4018301,4016301,4017301,4018301,1,1,2,1,1,2
4018302,4016302,4017302,4018302,2,2,2,2,2,2
4018303,4016303,4017303,4018203,2,2,2,2,2,2
4018304,4016304,4017304,4018204,2,2,2,2,2,2
4018401,4016401,4017401,4018401,2,2,2,2,2,2
4018402,4016402,4017402,4018302,2,2,2,2,2,2
4018403,4016403,4017403,4018303,2,2,2,2,2,2
4018404,4016404,4017404,4018304,2,2,2,2,2,2
4021401,4021401,4021401,4021401,1,1,2,1,1,2
4021402,4021402,4023402,4021402,1,2,2,1,2,2
4021403,4022403,4023403,4021403,2,2,2,2,2,2
4021404,4022404,4023404,4021404,2,2,2,2,2,2
4021405,4022405,4023405,4021405,2,2,2,2,2,2
4021406,4022406,4023406,4021406,2,2,2,2,2,2
4022101,4022101,4022101,4022101,1,1,2,1,1,2
4022102,4022102,4022102,4022102,1,1,2,1,1,2
4022103,4022103,4022103,4022103,1,1,2,1,1,2
4022104,4022104,4022104,4022104,1,1,2,1,1,2
4022105,4022105,4022105,4022105,1,1,2,1,1,2
4022106,4022106,4022106,4022106,1,1,2,1,1,2
4022201,4022201,4022201,4022101,1,1,2,1,1,2
4022202,4022202,4022202,4022102,1,1,2,1,1,2
4022203,4022203,4022203,4022103,1,1,2,1,1,2
4022204,4022204,4022204,4022104,1,1,2,1,1,2
4022205,4022205,4022205,4022105,1,1,2,1,1,2
4022206,4022206,4022206,4022106,1,1,2,1,1,2
4022301,4022301,4023301,4022201,1,2,2,1,2,2
4022302,4022302,4023302,4022202,1,2,2,1,2,2
4022303,4022303,4023303,4022203,1,2,2,1,2,2
4022304,4022304,4023304,4022204,1,2,2,1,2,2
4022305,4022305,4023305,4022205,1,2,2,1,2,2
4022306,4022306,4023306,4022206,1,2,2,1,2,2
4022401,4022401,4023401,4022301,1,2,2,1,2,2
4022402,4022402,4023402,4022302,1,2,2,1,2,2
4022403,4022403,4023403,4022303,1,2,2,1,2,2
4022404,4022404,4023404,4022304,1,2,2,1,2,2
4022405,4022405,4023405,4022305,1,2,2,1,2,2
4022406,4022406,4023406,4022306,1,2,2,1,2,2
4023101,4023101,4023101,4023101,1,1,2,1,1,2
4023102,4023102,4023102,4023102,1,1,2,1,1,2
4023103,4023103,4023103,4023103,1,1,2,1,1,2
4023104,4023104,4023104,4023104,1,1,2,1,1,2
4023105,4023105,4023105,4023105,1,1,2,1,1,2
4023106,4023106,4023106,4023106,1,1,2,1,1,2
4023201,4023201,4023201,4023101,1,1,2,1,1,2
4023202,4023202,4023202,4023102,1,1,2,1,1,2
4023203,4023203,4023203,4023103,1,1,2,1,1,2
4023204,4023204,4023204,4023104,1,1,2,1,1,2
4023205,4023205,4023205,4023105,1,1,2,1,1,2
4023206,4023206,4023206,4023106,1,1,2,1,1,2
4023301,4022301,4023301,4023201,2,1,2,2,1,2
4023302,4022302,4023302,4023202,2,1,2,2,1,2
4023303,4022303,4023303,4023203,2,1,2,2,1,2
4023304,4022304,4023304,4023204,2,1,2,2,1,2
4023305,4022305,4023305,4023205,2,1,2,2,1,2
4023306,4022306,4023306,4023206,2,1,2,2,1,2
4023401,4022401,4023401,4023301,2,1,2,2,1,2
4023402,4022402,4023402,4023302,2,1,2,2,1,2
4023403,4022403,4023403,4023303,2,1,2,2,1,2
4023404,4022404,4023404,4023304,2,1,2,2,1,2
4023405,4022405,4023405,4023305,2,1,2,2,1,2
4023406,4022406,4023406,4023306,2,1,2,2,1,2
4024101,4024101,4024101,4024101,1,1,2,1,1,2
4024102,4024102,4024102,4024102,1,1,2,1,1,2
4024103,4024103,4024103,4024103,1,1,2,1,1,2
4024104,4024104,4024104,4024104,1,1,2,1,1,2
4024105,4024105,4024105,4024105,1,1,2,1,1,2
4024106,4024106,4024106,4024106,1,1,2,1,1,2
4024201,4024201,4024201,4024101,1,1,2,1,1,2
4024202,4024202,4024202,4024102,1,1,2,1,1,2
4024203,4024203,4024203,4024103,1,1,2,1,1,2
4024204,4024204,4024204,4024104,1,1,2,1,1,2
4024205,4024205,4024205,4024105,1,1,2,1,1,2
4024206,4024206,4024206,4024106,1,1,2,1,1,2
4024301,4022301,4023301,4024201,2,2,2,2,2,2
4024302,4022302,4023302,4024202,2,2,2,2,2,2
4024303,4022303,4023303,4024203,2,2,2,2,2,2
4024304,4022304,4023304,4024204,2,2,2,2,2,2
4024305,4022305,4023305,4024205,2,2,2,2,2,2
4024306,4022306,4023306,4024206,2,2,2,2,2,2
4024401,4022401,4023401,4024301,2,2,2,2,2,2
4024402,4022402,4023402,4024302,2,2,2,2,2,2
4024403,4022403,4023403,4024303,2,2,2,2,2,2
4024404,4022404,4023404,4024304,2,2,2,2,2,2
4024405,4022405,4023405,4024305,2,2,2,2,2,2
4024406,4022406,4023406,4024306,2,2,2,2,2,2
4031401,4031401,4031401,4031401,1,1,2,1,1,2
4031402,4031402,4033402,4031402,1,2,2,1,2,2
4031403,4032403,4033403,4031403,2,2,2,2,2,2
4031404,4032404,4033404,4031404,2,2,2,2,2,2
4031405,4032405,4033405,4031405,2,2,2,2,2,2
4031406,4032406,4033406,4031406,2,2,2,2,2,2
4032101,4032101,4032101,4032101,1,1,2,1,1,2
4032102,4032102,4032102,4032102,1,1,2,1,1,2
4032103,4032103,4032103,4032103,1,1,2,1,1,2
4032104,4032104,4032104,4032104,1,1,2,1,1,2
4032105,4032105,4032105,4032105,1,1,2,1,1,2
4032106,4032106,4032106,4032106,1,1,2,1,1,2
4032201,4032201,4032201,4032101,1,1,2,1,1,2
4032202,4032202,4032202,4032102,1,1,2,1,1,2
4032203,4032203,4032203,4032103,1,1,2,1,1,2
4032204,4032204,4032204,4032104,1,1,2,1,1,2
4032205,4032205,4032205,4032105,1,1,2,1,1,2
4032206,4032206,4032206,4032106,1,1,2,1,1,2
4032301,4032301,4033301,4032201,1,2,2,1,2,2
4032302,4032302,4033302,4032202,1,2,2,1,2,2
4032303,4032303,4033303,4032203,1,2,2,1,2,2
4032304,4032304,4033304,4032204,1,2,2,1,2,2
4032305,4032305,4033305,4032205,1,2,2,1,2,2
4032306,4032306,4033306,4032206,1,2,2,1,2,2
4032401,4032401,4033401,4032301,1,2,2,1,2,2
4032402,4032402,4033402,4032302,1,2,2,1,2,2
4032403,4032403,4033403,4032303,1,2,2,1,2,2
4032404,4032404,4033404,4032304,1,2,2,1,2,2
4032405,4032405,4033405,4032305,1,2,2,1,2,2
4032406,4032406,4033406,4032306,1,2,2,1,2,2
4033101,4033101,4033101,4033101,1,1,2,1,1,2
4033102,4033102,4033102,4033102,1,1,2,1,1,2
4033103,4033103,4033103,4033103,1,1,2,1,1,2
4033104,4033104,4033104,4033104,1,1,2,1,1,2
4033105,4033105,4033105,4033105,1,1,2,1,1,2
4033106,4033106,4033106,4033106,1,1,2,1,1,2
4033201,4033201,4033201,4033101,1,1,2,1,1,2
4033202,4033202,4033202,4033102,1,1,2,1,1,2
4033203,4033203,4033203,4033103,1,1,2,1,1,2
4033204,4033204,4033204,4033104,1,1,2,1,1,2
4033205,4033205,4033205,4033105,1,1,2,1,1,2
4033206,4033206,4033206,4033106,1,1,2,1,1,2
4033301,4032301,4033301,4033201,2,1,2,2,1,2
4033302,4032302,4033302,4033202,2,1,2,2,1,2
4033303,4032303,4033303,4033203,2,1,2,2,1,2
4033304,4032304,4033304,4033204,2,1,2,2,1,2
4033305,4032305,4033305,4033205,2,1,2,2,1,2
4033306,4032306,4033306,4033206,2,1,2,2,1,2
4033401,4032401,4033401,4033301,2,1,2,2,1,2
4033402,4032402,4033402,4033302,2,1,2,2,1,2
4033403,4032403,4033403,4033303,2,1,2,2,1,2
4033404,4032404,4033404,4033304,2,1,2,2,1,2
4033405,4032405,4033405,4033305,2,1,2,2,1,2
4033406,4032406,4033406,4033306,2,1,2,2,1,2
4034101,4034101,4034101,4034101,1,1,2,1,1,2
4034102,4034102,4034102,4034102,1,1,2,1,1,2
4034103,4034103,4034103,4034103,1,1,2,1,1,2
4034104,4034104,4034104,4034104,1,1,2,1,1,2
4034105,4034105,4034105,4034105,1,1,2,1,1,2
4034106,4034106,4034106,4034106,1,1,2,1,1,2
4034201,4034201,4034201,4034101,1,1,2,1,1,2
4034202,4034202,4034202,4034102,1,1,2,1,1,2
4034203,4034203,4034203,4034103,1,1,2,1,1,2
4034204,4034204,4034204,4034104,1,1,2,1,1,2
4034205,4034205,4034205,4034105,1,1,2,1,1,2
4034206,4034206,4034206,4034106,1,1,2,1,1,2
4034301,4032301,4033301,4034201,2,2,2,2,2,2
4034302,4032302,4033302,4034202,2,2,2,2,2,2
4034303,4032303,4033303,4034203,2,2,2,2,2,2
4034304,4032304,4033304,4034204,2,2,2,2,2,2
4034305,4032305,4033305,4034205,2,2,2,2,2,2
4034306,4032306,4033306,4034206,2,2,2,2,2,2
4034401,4032401,4033401,4034301,2,2,2,2,2,2
4034402,4032402,4033402,4034302,2,2,2,2,2,2
4034403,4032403,4033403,4034303,2,2,2,2,2,2
4034404,4032404,4033404,4034304,2,2,2,2,2,2
4034405,4032405,4033405,4034305,2,2,2,2,2,2
4034406,4032406,4033406,4034306,2,2,2,2,2,2
4041401,4042401,4041401,4041401,2,1,2,2,1,2
4041402,4042401,4041402,4041402,2,1,2,2,1,2
4041403,4042401,4041403,4041403,2,1,2,2,1,2
4041404,4042401,4041404,4041404,2,1,2,2,1,2
4041405,4042401,4041405,4041405,2,1,2,2,1,2
4041406,4042401,4041406,4041406,2,1,2,2,1,2
4042101,4042101,4042101,4042101,1,1,2,1,1,2
4042102,4042102,4042102,4042102,1,1,2,1,1,2
4042103,4042103,4042103,4042103,1,1,2,1,1,2
4042104,4042104,4042104,4042104,1,1,2,1,1,2
4042105,4042105,4042105,4042105,1,1,2,1,1,2
4042106,4042106,4042106,4042106,1,1,2,1,1,2
4042201,4042201,4042201,4042101,1,1,2,1,1,2
4042202,4042202,4042202,4042102,1,1,2,1,1,2
4042203,4042203,4042203,4042103,1,1,2,1,1,2
4042204,4042204,4042204,4042104,1,1,2,1,1,2
4042205,4042205,4042205,4042105,1,1,2,1,1,2
4042206,4042206,4042206,4042106,1,1,2,1,1,2
4042301,4042301,4042301,4042201,1,1,2,1,1,2
4042302,4042302,4042302,4042202,1,1,2,1,1,2
4042303,4042303,4042303,4042203,1,1,2,1,1,2
4042304,4042304,4042304,4042204,1,1,2,1,1,2
4042305,4042305,4042305,4042205,1,1,2,1,1,2
4042306,4042306,4042306,4042206,1,1,2,1,1,2
4042401,4042401,4042401,4042301,1,1,2,1,1,2
4042402,4042402,4042402,4042302,1,1,2,1,1,2
4042403,4042403,4042403,4042303,1,1,2,1,1,2
4042404,4042404,4042404,4042304,1,1,2,1,1,2
4042405,4042405,4042405,4042305,1,1,2,1,1,2
4042406,4042406,4042406,4042306,1,1,2,1,1,2
4043101,4043101,4043101,4043101,1,1,2,1,1,2
4043102,4043102,4043102,4043102,1,1,2,1,1,2
4043103,4043103,4043103,4043103,1,1,2,1,1,2
4043104,4043104,4043104,4043104,1,1,2,1,1,2
4043105,4043105,4043105,4043105,1,1,2,1,1,2
4043106,4043106,4043106,4043106,1,1,2,1,1,2
4043201,4043201,4043201,4043101,1,1,2,1,1,2
4043202,4043202,4043202,4043102,1,1,2,1,1,2
4043203,4043203,4043203,4043103,1,1,2,1,1,2
4043204,4043204,4043204,4043104,1,1,2,1,1,2
4043205,4043205,4043205,4043105,1,1,2,1,1,2
4043206,4043206,4043206,4043106,1,1,2,1,1,2
4043301,4043301,4043301,4043201,1,1,2,1,1,2
4043302,4043302,4043302,4043202,1,1,2,1,1,2
4043303,4043303,4043303,4043203,1,1,2,1,1,2
4043304,4043304,4043304,4043204,1,1,2,1,1,2
4043305,4043305,4043305,4043205,1,1,2,1,1,2
4043306,4043306,4043306,4043206,1,1,2,1,1,2
4043401,4043401,4043401,4043301,1,1,2,1,1,2
4043402,4043402,4043402,4043302,1,1,2,1,1,2
4043403,4043403,4043403,4043303,1,1,2,1,1,2
4043404,4043404,4043404,4043304,1,1,2,1,1,2
4043405,4043405,4043405,4043305,1,1,2,1,1,2
4043406,4043406,4043406,4043306,1,1,2,1,1,2
4044101,4044101,4044101,4044101,1,1,2,1,1,2
4044102,4044102,4044102,4044102,1,1,2,1,1,2
4044103,4044103,4044103,4044103,1,1,2,1,1,2
4044104,4044104,4044104,4044104,1,1,2,1,1,2
4044105,4044105,4044105,4044105,1,1,2,1,1,2
4044106,4044106,4044106,4044106,1,1,2,1,1,2
4044201,4044201,4044201,4044101,1,1,2,1,1,2
4044202,4044202,4044202,4044102,1,1,2,1,1,2
4044203,4044203,4044203,4044103,1,1,2,1,1,2
4044204,4044204,4044204,4044104,1,1,2,1,1,2
4044205,4044205,4044205,4044105,1,1,2,1,1,2
4044206,4044206,4044206,4044106,1,1,2,1,1,2
4044301,4042301,4044301,4044201,2,1,2,2,1,2
4044302,4042302,4044302,4044202,2,1,2,2,1,2
4044303,4042303,4044303,4044203,2,1,2,2,1,2
4044304,4042304,4044304,4044204,2,1,2,2,1,2
4044305,4042305,4044305,4044205,2,1,2,2,1,2
4044306,4042306,4044306,4044206,2,1,2,2,1,2
4044401,4042401,4044401,4044301,2,1,2,2,1,2
4044402,4042402,4044402,4044302,2,1,2,2,1,2
4044403,4042403,4044403,4044303,2,1,2,2,1,2
4044404,4042404,4044404,4044304,2,1,2,2,1,2
4044405,4042405,4044405,4044305,2,1,2,2,1,2
4044406,4042406,4044406,4044306,2,1,2,2,1,2
4045401,4046401,4045401,4045401,2,1,2,2,1,2
4045402,4046402,4045402,4045402,2,1,2,2,1,2
4045403,4046403,4045403,4045403,2,1,2,2,1,2
4045404,4046404,4045404,4045404,2,1,2,2,1,2
4046101,4046101,4046101,4046101,1,1,2,1,1,2
4046102,4046102,4046102,4046102,1,1,2,1,1,2
4046103,4046103,4046103,4046103,1,1,2,1,1,2
4046104,4046104,4046104,4046104,1,1,2,1,1,2
4046201,4046201,4046201,4046101,1,1,2,1,1,2
4046202,4046202,4046202,4046102,1,1,2,1,1,2
4046203,4046203,4046203,4046103,1,1,2,1,1,2
4046204,4046204,4046204,4046104,1,1,2,1,1,2
4046301,4046301,4046301,4046301,1,1,2,1,1,2
4046302,4046302,4046302,4046302,1,1,2,1,1,2
4046303,4046303,4046303,4046203,1,1,2,1,1,2
4046304,4046304,4046304,4046204,1,1,2,1,1,2
4046401,4046401,4046401,4046401,1,1,2,1,1,2
4046402,4046402,4046402,4046302,1,1,2,1,1,2
4046403,4046403,4046403,4046303,1,1,2,1,1,2
4046404,4046404,4046404,4046304,1,1,2,1,1,2
4047101,4047101,4047101,4047101,1,1,2,1,1,2
4047102,4047102,4047102,4047102,1,1,2,1,1,2
4047103,4047103,4047103,4047103,1,1,2,1,1,2
4047104,4047104,4047104,4047104,1,1,2,1,1,2
4047201,4047201,4047201,4047101,1,1,2,1,1,2
4047202,4047202,4047202,4047102,1,1,2,1,1,2
4047203,4047203,4047203,4047103,1,1,2,1,1,2
4047204,4047204,4047204,4047104,1,1,2,1,1,2
4047301,4046301,4047301,4047301,1,1,2,1,1,2
4047302,4046302,4047302,4047302,2,1,2,2,1,2
4047303,4046303,4047303,4047203,2,1,2,2,1,2
4047304,4046304,4047304,4047204,2,1,2,2,1,2
4047401,4046401,4047401,4047401,2,1,2,2,1,2
4047402,4046402,4047402,4047302,2,1,2,2,1,2
4047403,4046403,4047403,4047303,2,1,2,2,1,2
4047404,4046404,4047404,4047304,2,1,2,2,1,2
4048101,4048101,4048101,4048101,1,1,2,1,1,2
4048102,4048102,4048102,4048102,1,1,2,1,1,2
4048103,4048103,4048103,4048103,1,1,2,1,1,2
4048104,4048104,4048104,4048104,1,1,2,1,1,2
4048201,4048201,4048201,4048101,1,1,2,1,1,2
4048202,4048202,4048202,4048102,1,1,2,1,1,2
4048203,4048203,4048203,4048103,1,1,2,1,1,2
4048204,4048204,4048204,4048104,1,1,2,1,1,2
4048301,4046301,4048301,4048301,1,1,2,1,1,2
4048302,4046302,4048302,4048302,2,1,2,2,1,2
4048303,4046303,4048303,4048203,2,1,2,2,1,2
4048304,4046304,4048304,4048204,2,1,2,2,1,2
4048401,4046401,4048401,4048401,2,1,2,2,1,2
4048402,4046402,4048402,4048302,2,1,2,2,1,2
4048403,4046403,4048403,4048303,2,1,2,2,1,2
4048404,4046404,4048404,4048304,2,1,2,2,1,2
5079000,5079000,5079000,5079000,1,1,2,1,1,2
5089000,5089000,5089000,5089000,1,1,1,1,1,2
5099000,5099000,5099000,5099000,1,1,1,1,1,2
6000000,6000000,6000000,6000000,1,1,1,1,1,2
