BurnBlock,Area,BANSA,CCA,NotCCA,MIST,NS,RS,TestArea
-9999,1470114,1,1,1,1,1,1,1
101,709,1,1,2,1,1,1,1
103,2559,1,1,2,1,1,1,1
112,833,1,1,2,1,1,1,1
115,1480,1,1,2,1,1,1,1
121,622,1,1,2,1,1,1,1
132,11674,1,1,2,2,1,1,2
134,786,1,1,2,2,1,1,2
135,4751,1,1,2,2,1,1,2
136,363,1,1,2,1,1,1,1
138,512,1,1,2,1,1,1,1
142,995,1,1,2,2,1,1,2
144,1820,1,1,2,1,1,1,2
145,3339,1,1,2,1,1,1,1
146,3566,1,1,2,1,1,1,1
153,443,1,1,2,1,1,1,1
163,3723,1,1,2,2,1,1,2
164,2393,1,1,2,1,1,1,1
171,1349,1,1,2,1,1,1,1
182,1395,1,1,2,2,1,1,2
192,295,1,1,2,1,1,1,2
200,669,1,1,2,1,1,1,2
203,777,1,1,2,2,1,1,2
209,946,1,2,1,1,1,1,2
214,1731,1,1,2,1,1,1,1
226,2735,1,1,2,1,2,1,2
250,1814,2,1,2,1,1,1,2
252,7366,1,2,1,1,1,1,1
254,2271,1,1,2,1,1,1,1
258,327,1,1,2,1,1,1,1
259,2504,1,1,2,1,1,1,1
274,5799,1,1,2,2,1,1,2
282,522,1,1,2,1,1,1,2
283,211,1,2,1,2,1,1,1
285,753,1,1,2,1,1,1,1
290,1610,1,2,1,1,1,1,1
295,615,1,1,2,1,1,1,1
297,2931,2,1,2,1,1,1,2
298,4728,1,1,2,1,1,1,1
305,3498,1,1,2,1,1,1,1
307,2724,1,2,1,1,1,1,1
328,1379,1,2,1,1,1,1,1
329,1967,1,1,2,1,1,1,2
332,1428,2,1,2,1,1,1,2
333,46815,1,1,2,1,1,1,2
336,622,1,1,2,1,1,1,2
337,15862,1,1,2,1,1,1,2
338,720,1,1,2,1,1,1,1
346,1545,1,1,2,1,1,1,1
349,5082,1,1,2,1,1,1,1
350,645,1,1,2,1,1,1,1
351,835,1,1,2,1,1,1,1
352,10207,1,1,2,1,1,1,1
355,1500,2,1,2,1,1,1,2
360,243,1,2,1,1,1,1,1
361,483,1,1,2,1,1,1,2
362,5897,1,1,2,1,1,1,1
363,2198,1,1,2,1,1,1,1
364,500,1,2,1,1,1,1,1
365,581,1,1,2,1,1,1,1
366,244,1,1,2,1,1,1,1
1000,1035,1,2,1,1,1,1,1
1001,1098,1,2,1,1,1,1,1
1002,892,1,2,1,1,1,1,1
1003,562,1,2,1,1,1,1,1
1004,523,1,2,1,1,1,1,1
1005,2114,1,2,1,1,1,1,1
1006,2543,1,2,1,1,1,1,1
1007,545,1,2,1,1,1,1,1
1008,1226,1,2,1,1,1,1,1
1009,870,1,2,1,1,1,1,1
1010,576,1,2,1,1,1,1,1
1011,1141,1,2,1,1,1,1,1
1012,919,1,2,1,1,1,1,1
1013,936,1,2,1,1,1,1,1
1014,847,1,2,1,1,1,1,1
1015,406,1,2,1,1,1,1,1
1016,498,1,2,1,1,1,1,1
1017,756,1,2,1,1,1,1,1
1018,708,1,2,1,1,1,1,1
1019,719,1,2,1,1,1,1,1
1020,1204,1,2,1,1,1,1,1
1021,541,1,2,1,1,1,1,1
1022,988,1,2,1,1,1,1,1
1023,1004,1,2,1,1,1,1,1
1024,1203,1,2,1,1,1,1,1
1025,1258,1,2,1,1,1,1,1
1026,781,1,2,1,1,1,1,1
1027,885,1,2,1,1,1,1,1
1028,2015,1,2,1,1,1,1,1
1029,3186,1,2,1,1,1,1,1
1030,1827,1,2,1,1,1,1,1
1031,514,1,2,1,1,1,1,1
1032,534,1,2,1,1,1,1,1
1033,665,1,2,1,1,1,1,1
1034,1793,1,2,1,1,1,1,1
1035,851,1,2,1,1,1,1,1
1036,913,1,2,1,1,1,1,1
1037,1003,1,2,1,1,1,1,1
1038,705,1,2,1,1,1,1,1
1039,872,1,2,1,1,1,1,1
1040,2202,1,2,1,1,1,1,1
1041,1617,1,2,1,1,1,1,1
1042,834,1,2,1,1,1,1,1
1043,1361,1,2,1,1,1,1,1
1044,1048,1,2,1,1,1,1,1
1045,2962,1,2,1,1,1,1,1
1046,599,1,2,1,1,1,1,1
1047,377,1,2,1,1,1,1,1
1048,1023,1,2,1,1,1,1,1
1049,1354,1,2,1,1,1,1,1
1050,1213,1,2,1,1,1,1,1
1051,1612,1,2,1,1,1,1,1
1052,2437,1,2,1,1,1,1,1
1053,1079,1,2,1,1,1,1,1
1054,1099,1,2,1,1,1,1,1
1055,636,1,2,1,1,1,1,1
1056,1767,1,2,1,1,1,1,1
1057,955,1,2,1,1,1,1,1
1058,1164,1,2,1,1,1,1,1
1059,1573,1,2,1,1,1,1,1
1060,583,1,2,1,1,1,1,1
1061,918,1,2,1,1,1,1,1
1062,451,1,2,1,1,1,1,1
1063,2036,1,2,1,1,1,1,1
1064,1133,1,2,1,1,1,1,1
1065,1304,1,2,1,1,1,1,1
1066,1533,1,2,1,1,1,1,1
1067,2242,1,2,1,1,1,1,1
1068,697,1,2,1,1,1,1,1
1069,881,1,2,1,1,1,1,1
1070,826,1,2,1,1,1,1,1
1071,1206,1,2,1,1,1,1,1
1072,514,1,1,2,1,1,1,1
1073,1621,1,2,1,1,1,1,1
1074,802,1,2,1,1,1,1,1
1075,1176,1,2,1,1,1,1,1
1076,1677,1,2,1,1,1,1,1
1077,635,1,2,1,1,1,1,1
1078,1079,1,2,1,1,1,1,1
1079,1263,1,2,1,1,1,1,1
1080,503,1,2,1,1,1,1,1
1081,1286,1,2,1,1,1,1,1
1082,1423,1,2,1,1,1,1,1
1083,1247,1,2,1,1,1,1,1
1084,784,1,2,1,1,1,1,1
1085,859,1,2,1,1,1,1,1
1086,688,1,2,1,1,1,1,1
1087,1945,1,2,1,1,1,1,1
1088,618,1,2,1,1,1,1,1
1089,678,1,2,1,1,1,1,1
1090,1193,1,2,1,1,1,1,1
1091,221,1,2,1,1,1,1,1
1092,1456,1,2,1,1,1,1,1
1093,2662,1,2,1,1,1,1,1
1094,1570,1,2,1,1,1,1,1
1095,3159,1,2,1,1,1,1,1
1096,939,1,2,1,1,1,1,1
1097,546,1,2,1,1,1,1,1
1098,3888,1,2,1,1,1,1,1
1099,977,1,2,1,1,1,1,1
1100,636,1,2,1,1,1,1,1
1101,791,1,2,1,1,1,1,1
1102,1235,1,1,2,1,1,1,1
1103,888,1,2,1,1,1,1,1
1104,726,1,2,1,1,1,1,1
1105,527,1,2,1,1,1,1,1
1106,1772,1,2,1,1,1,1,1
1107,1070,1,2,1,1,1,1,1
1108,517,1,2,1,1,1,1,1
1109,1024,1,2,1,1,1,1,1
1110,1232,1,2,1,1,1,1,1
1111,1258,1,2,1,1,1,1,1
1112,1205,1,2,1,1,1,1,1
1113,1281,1,2,1,1,1,1,1
1114,1361,1,2,1,1,1,1,1
1115,712,1,2,1,1,1,1,1
1116,795,1,2,1,1,1,1,1
1117,1043,1,2,1,1,1,1,1
1118,2092,1,2,1,1,1,1,1
1119,1153,1,2,1,1,1,1,1
1120,1117,1,2,1,1,1,1,1
1121,5113,1,2,1,1,1,1,1
1122,1318,1,2,1,1,1,1,1
1123,625,1,2,1,1,1,1,1
1124,1688,1,2,1,1,1,1,1
1125,1124,1,2,1,1,1,1,1
1126,1058,1,2,1,1,1,1,1
1127,2190,1,2,1,1,1,1,1
1128,2189,1,2,1,1,1,1,1
1129,379,1,2,1,1,1,1,1
1130,886,1,2,1,1,1,1,1
1131,886,1,2,1,1,1,1,1
1132,2859,1,2,1,1,1,1,1
1133,749,1,2,1,1,1,1,1
1134,3935,1,2,1,1,1,1,1
1135,2558,1,2,1,1,1,1,1
1136,1217,1,2,1,1,1,1,1
1137,1280,1,2,1,1,1,1,1
1138,794,1,2,1,1,1,1,1
1139,793,1,1,2,1,1,1,2
1140,812,1,2,1,1,1,1,1
1141,1797,1,2,1,1,1,1,1
1142,2131,1,2,1,1,1,1,1
1143,675,1,2,1,1,1,1,1
1144,321,1,2,1,1,1,1,1
1145,1158,1,1,2,1,1,1,2
1146,1389,1,2,1,1,1,1,1
1147,2118,1,2,1,1,1,1,1
1148,908,1,2,1,1,1,1,1
1149,745,1,2,1,1,1,1,1
1150,2975,1,2,1,1,1,1,1
1151,2803,2,2,1,1,1,1,1
1152,2388,1,2,1,1,1,1,1
1153,3619,1,2,1,1,1,1,1
1154,3245,1,2,1,1,1,1,1
1155,696,1,2,1,1,1,1,1
1156,365,1,2,1,1,1,1,1
1157,859,1,2,1,1,1,1,1
1158,461,1,2,1,1,1,1,1
1159,644,1,2,1,1,1,1,1
1160,1017,1,1,2,1,1,1,2
1161,670,1,2,1,1,1,1,1
1162,677,1,2,1,1,1,1,1
1163,694,1,2,1,1,1,1,1
1164,716,1,2,1,1,1,1,1
1165,502,1,2,1,1,1,1,1
1166,1002,1,2,1,1,1,1,1
1167,1666,1,2,1,1,1,2,1
1168,627,1,2,1,1,1,1,1
1169,1017,1,2,1,1,1,1,1
1170,1001,1,2,1,1,1,1,1
1171,1142,1,2,1,1,1,1,1
1172,885,1,2,1,1,1,1,1
1173,652,1,2,1,1,1,1,1
1174,1918,1,2,1,1,1,2,1
1175,908,1,2,1,1,1,2,1
1176,1530,1,2,1,1,1,1,1
1177,2088,1,2,1,1,1,1,1
1178,990,1,2,1,1,1,1,1
1179,1508,1,2,1,1,1,1,1
1180,1233,1,2,1,1,1,1,1
1181,919,1,2,1,1,1,1,1
1182,1273,1,2,1,1,1,1,1
1183,643,1,2,1,1,1,1,1
1184,585,1,2,1,1,1,1,1
1185,1721,1,2,1,1,1,1,1
1186,598,1,2,1,1,1,1,1
1187,1392,1,2,1,1,1,1,1
1188,371,1,2,1,1,1,1,1
1189,1319,1,2,1,1,1,2,1
1190,1319,1,2,1,1,1,2,1
1191,1422,1,2,1,1,1,2,1
1192,1056,1,2,1,1,1,2,1
1193,1487,2,2,1,1,1,1,1
1194,1007,1,2,1,1,1,2,1
1195,1085,1,2,1,1,1,2,1
1196,1074,1,2,1,1,1,1,1
1197,1320,1,2,1,1,1,1,1
1198,1905,1,2,1,1,1,1,1
1199,1312,1,2,1,1,1,1,1
1200,1959,1,2,1,1,1,1,1
1201,470,1,2,1,1,1,1,1
1202,737,1,2,1,1,1,1,1
1203,897,1,2,1,1,1,1,1
1204,890,1,2,1,1,1,1,1
1205,684,2,1,2,1,1,1,2
1206,874,1,2,1,1,1,1,1
1207,977,2,2,1,1,1,1,1
1208,1111,2,2,1,1,1,1,1
1209,1153,1,2,1,1,1,2,1
1210,961,1,2,1,1,1,2,1
1211,824,2,2,1,1,1,1,1
1212,756,1,2,1,1,1,1,1
1213,2377,1,2,1,1,1,1,1
1214,1041,1,2,1,1,1,1,1
1215,574,1,2,1,1,1,1,1
1216,1266,1,2,1,1,1,1,1
1217,644,1,1,2,1,1,1,1
1218,545,2,2,1,1,1,1,1
1219,715,2,2,1,1,1,1,1
1220,1103,1,2,1,1,1,2,1
1221,2929,2,2,1,1,1,1,1
1222,2267,1,2,1,1,1,1,1
1223,1949,1,2,1,1,1,1,1
1224,1444,1,2,1,1,1,1,1
1225,1851,1,2,1,1,1,1,1
1226,1074,1,2,1,1,1,1,1
1227,2696,1,2,1,1,1,1,1
1228,1022,1,2,1,1,1,1,1
1229,760,2,2,1,1,1,1,1
1230,1084,1,2,1,1,1,2,1
1231,1471,2,2,1,1,1,1,1
1232,1219,1,2,1,1,1,2,1
1233,1655,2,2,1,1,1,1,1
1234,420,2,2,1,1,1,1,1
1235,1133,1,2,1,1,1,1,1
1236,903,1,2,1,1,1,1,1
1237,814,2,2,1,1,1,1,1
1238,1091,1,1,2,1,1,1,1
1239,1300,1,1,2,1,1,1,1
1240,1446,1,1,2,1,1,1,1
1241,793,1,1,2,1,1,1,1
1242,683,1,2,1,1,1,1,1
1243,2152,1,2,1,1,1,1,1
1244,1178,1,2,1,1,1,1,1
1245,3439,1,2,1,1,1,1,1
1246,1052,1,2,1,1,1,1,1
1247,573,1,2,1,1,1,1,1
1248,720,1,2,1,1,1,1,1
1249,1481,1,2,1,1,1,1,1
1250,680,1,2,1,1,1,1,1
1251,1623,2,2,1,1,1,1,1
1252,1323,1,2,1,1,1,2,1
1253,1420,1,2,1,1,1,1,1
1254,1439,1,2,1,1,1,2,1
1255,980,1,2,1,1,1,1,1
1256,682,1,2,1,1,1,1,1
1257,1337,1,2,1,1,1,1,1
1258,1006,1,2,1,1,1,1,1
1259,2452,1,2,1,1,1,1,1
1260,877,1,2,1,1,1,1,1
1261,925,1,2,1,1,1,1,1
1262,660,1,2,1,1,1,1,1
1263,1354,1,2,1,1,1,1,1
1264,1079,1,2,1,1,1,1,1
1265,388,1,2,1,1,1,1,1
1266,549,1,2,1,1,1,1,1
1267,682,1,2,1,1,1,1,1
1268,804,1,2,1,1,1,1,1
1269,1023,1,2,1,1,1,1,1
1270,540,1,1,2,1,1,1,1
1271,1106,1,2,1,1,1,1,1
1272,447,1,2,1,1,1,1,1
1273,2040,1,2,1,1,1,1,1
1274,600,1,2,1,1,1,1,1
1275,1648,1,1,2,2,1,1,2
1276,1145,1,2,1,1,1,1,1
1277,807,1,2,1,1,1,1,1
1278,1415,1,2,1,1,1,1,1
1279,414,1,2,1,1,1,1,1
1280,1008,1,2,1,1,1,1,1
1281,1001,1,2,1,1,1,1,1
1282,587,1,2,1,1,1,1,1
1283,891,1,2,1,1,1,1,1
1284,540,1,2,1,1,1,1,1
1285,417,1,2,1,1,1,1,1
1286,1076,1,2,1,1,1,1,1
1287,1030,1,2,1,1,1,1,1
1288,511,1,2,1,1,1,1,1
1289,976,1,2,1,1,1,1,1
1290,1992,1,2,1,1,1,1,1
1291,1439,1,2,1,1,1,1,1
1292,802,1,2,1,1,1,1,1
1293,580,1,2,1,1,1,1,1
1294,1679,1,2,1,1,1,1,1
1295,823,1,2,1,1,1,1,1
1296,750,1,2,1,1,1,1,1
1297,677,1,2,1,1,1,1,1
1298,1013,1,2,1,1,1,1,1
1299,2549,1,2,1,1,1,1,1
1300,344,1,1,2,1,1,1,1
1301,603,1,2,1,1,1,1,1
1302,3721,1,2,1,1,1,1,1
1303,1498,1,2,1,1,1,1,1
1304,1187,1,2,1,1,1,1,1
1305,1157,1,2,1,1,1,1,1
1306,544,1,2,1,1,1,1,1
1307,868,1,2,1,1,1,1,1
1308,772,1,2,1,1,1,1,1
1309,832,1,2,1,1,1,2,1
1310,557,1,2,1,1,1,2,1
1311,790,1,2,1,1,1,1,1
1312,3127,1,2,1,1,1,1,1
1313,910,1,2,1,1,1,2,1
1314,341,1,2,1,1,1,2,1
1315,2312,1,2,1,1,1,1,1
1316,2407,1,2,1,1,1,1,1
1317,680,1,2,1,1,1,1,1
1318,1640,1,2,1,1,1,1,1
1319,1164,1,2,1,1,1,1,1
1320,1391,1,2,1,1,1,1,1
1321,1194,1,2,1,1,1,1,1
1322,1422,1,2,1,1,1,1,1
1323,612,1,2,1,1,1,1,1
1324,642,1,2,1,1,1,1,1
1325,776,1,1,2,1,1,1,1
1326,972,1,1,2,1,1,1,1
1327,1965,1,2,1,1,1,1,1
1328,2921,1,2,1,1,1,1,1
1329,3452,1,2,1,1,1,1,1
1330,2612,1,2,1,1,1,1,1
1331,634,1,2,1,1,1,1,1
1332,870,1,2,1,1,1,1,1
1333,1525,1,2,1,1,1,1,1
1334,1206,1,2,1,1,1,1,1
1335,625,1,2,1,1,1,1,1
1336,504,1,2,1,1,1,1,1
1337,705,1,2,1,1,1,1,1
1338,641,1,2,1,1,1,1,1
1339,807,1,2,1,1,1,1,1
1340,7756,1,2,1,1,1,1,1
1341,1581,1,2,1,1,1,1,1
1342,667,1,2,1,1,1,1,1
1343,428,1,2,1,1,1,1,1
1344,531,1,2,1,1,1,1,1
1345,478,1,2,1,1,1,1,1
1346,2709,1,1,2,1,1,1,1
1347,1430,1,2,1,1,1,1,1
1348,347,1,2,1,1,1,1,1
1349,808,1,2,1,1,1,1,1
1350,830,1,2,1,1,1,1,1
1351,459,1,2,1,1,1,1,1
1352,701,1,2,1,1,1,1,1
1353,1153,1,2,1,1,1,1,1
1354,541,1,2,1,1,1,1,1
1355,2821,1,2,1,1,1,1,1
1356,676,1,2,1,1,1,1,1
1357,1360,1,2,1,1,1,1,1
1358,417,1,2,1,1,1,1,1
1359,1201,1,2,1,1,1,1,1
1360,612,1,2,1,1,1,1,1
1361,1010,1,2,1,1,1,1,1
1362,553,1,2,1,1,1,1,1
1363,636,1,2,1,1,1,1,1
1364,685,1,2,1,1,1,1,1
1365,829,1,2,1,1,1,1,1
1366,1091,1,2,1,1,1,1,1
1367,1732,1,2,1,1,1,1,1
1368,1580,1,2,1,1,1,1,1
1369,719,1,2,1,1,1,1,1
1370,1315,1,2,1,1,1,1,1
1371,1350,1,2,1,1,1,1,1
1372,920,1,2,1,1,1,1,1
1373,3388,1,2,1,1,1,1,1
1374,1188,1,2,1,1,1,1,1
1375,805,1,2,1,1,1,1,1
1376,1189,1,2,1,1,1,1,1
1377,832,1,2,1,1,1,1,1
1378,2014,1,1,2,1,1,1,1
1379,265,1,1,2,1,1,1,1
1380,1198,1,1,2,1,1,1,1
1381,2158,1,2,1,1,1,1,1
1382,868,1,2,1,1,1,1,1
1383,568,1,2,1,1,1,1,1
1384,1222,1,1,2,1,1,1,1
1385,679,1,2,1,1,1,1,1
1386,1907,1,2,1,1,1,1,1
1387,847,1,2,1,1,1,1,1
1388,1441,1,2,1,1,1,1,1
1389,1981,1,2,1,1,1,1,1
1390,2212,1,2,1,1,1,1,1
1391,1403,1,2,1,1,1,1,1
1392,1704,1,2,1,1,1,1,1
1393,326,1,2,1,1,1,1,1
1394,449,1,2,1,1,1,1,1
1395,632,1,2,1,1,1,1,1
1396,946,1,2,1,1,1,1,1
1397,1739,1,1,2,1,1,1,1
1398,781,1,1,2,1,1,1,1
1399,829,1,2,1,1,1,1,1
1400,1280,1,2,1,1,1,1,1
1401,723,1,1,2,1,1,1,1
1402,802,1,1,2,1,1,1,1
1403,444,1,1,2,1,1,1,1
1404,1855,1,1,2,1,1,1,1
1405,3372,1,1,2,1,1,1,1
1406,4104,1,2,1,1,1,1,1
1407,1213,1,1,2,1,1,2,2
1408,1183,1,2,1,1,1,1,1
1409,558,1,2,1,1,1,1,1
1410,2980,1,2,1,1,1,1,1
1411,1691,1,2,1,1,1,1,1
1412,1041,1,2,1,1,1,1,1
1413,834,1,2,1,1,1,1,1
1414,1368,1,2,1,1,1,1,1
1415,1700,1,1,2,1,1,1,1
1416,1068,1,2,1,1,1,1,1
1417,2819,1,2,1,1,1,1,1
1418,3548,1,2,1,1,1,1,1
1419,2247,1,2,1,1,1,1,1
1420,1262,1,1,2,1,1,1,1
1421,895,1,2,1,1,1,1,1
1422,653,1,2,1,1,1,1,1
1423,757,1,2,1,1,1,1,1
1424,1529,1,1,2,1,1,1,1
1425,621,1,2,1,1,1,1,1
1426,745,1,1,2,1,1,1,1
1427,747,1,1,2,1,1,1,1
1428,380,1,1,2,1,1,1,1
1429,620,1,2,1,1,1,1,1
1430,558,1,2,1,1,1,1,1
1431,503,1,1,2,1,1,1,1
1432,2224,1,1,2,1,1,1,1
1433,571,1,1,2,1,1,1,1
1434,1058,1,2,1,1,1,1,1
1435,1890,1,2,1,1,1,1,1
1436,1104,1,2,1,1,1,1,1
1437,2971,1,2,1,1,1,1,1
1438,1126,1,2,1,1,1,1,1
1439,1261,1,2,1,1,1,1,1
1440,596,1,2,1,1,1,1,1
1441,1514,1,1,2,1,1,1,1
1442,718,1,1,2,1,1,1,1
1443,1743,1,1,2,1,1,1,1
1444,1400,1,2,1,1,1,1,1
1445,692,1,2,1,1,1,1,1
1446,938,1,1,2,1,1,1,1
1447,942,1,2,1,1,1,1,1
1448,765,1,2,1,1,1,1,1
1449,1582,1,2,1,1,1,1,1
1450,998,1,1,2,1,1,1,1
1451,834,1,2,1,1,1,1,1
1452,2074,1,2,1,1,1,1,1
1453,762,1,2,1,1,1,1,1
1454,1678,1,1,2,1,1,1,1
1455,1005,1,1,2,1,1,1,1
1456,1634,1,2,1,1,1,1,1
1457,1099,1,2,1,1,1,1,1
1458,1024,1,2,1,1,1,1,1
1459,456,1,1,2,1,1,1,1
1460,571,1,1,2,1,1,1,1
1461,1350,1,2,1,1,1,1,1
1462,1071,1,2,1,1,1,1,1
1463,1051,1,2,1,1,1,1,1
1464,1153,1,2,1,1,1,1,1
1465,2037,1,2,1,1,1,1,1
1466,1203,1,2,1,1,1,1,1
1467,1496,1,2,1,1,1,1,1
1468,1590,1,2,1,1,1,1,1
1469,859,1,2,1,1,1,1,1
1470,1283,1,1,2,1,1,1,1
1471,644,1,2,1,1,1,1,1
1472,6414,1,2,1,2,1,1,1
1473,4064,1,2,1,1,1,1,1
1474,1849,1,2,1,1,1,1,1
1475,610,1,1,2,1,1,1,2
1476,1096,1,1,2,1,1,1,2
1477,2354,1,2,1,2,1,1,1
1478,543,1,2,1,2,1,1,1
1479,1081,1,2,1,1,1,1,1
1480,794,1,1,2,1,1,1,2
1481,1081,1,2,1,1,1,1,1
1482,3625,1,2,1,1,1,2,1
1483,1521,1,2,1,1,1,1,1
1484,350,1,2,1,1,1,1,1
1485,998,1,2,1,1,1,1,1
1486,1405,1,2,1,1,1,1,1
1487,1258,1,2,1,1,1,1,1
1488,1774,1,2,1,1,1,1,1
1489,751,1,2,1,1,1,1,1
1490,345,1,2,1,1,1,1,1
1491,1291,1,1,2,1,1,1,1
1492,1241,1,2,1,1,1,1,1
1493,1056,1,2,1,2,1,1,1
1494,1898,1,2,1,2,1,1,1
1495,590,1,2,1,1,1,1,1
1496,1153,1,2,1,1,1,1,1
1497,1003,1,2,1,1,1,1,1
1498,773,1,2,1,1,1,1,1
1499,1112,1,2,1,2,1,1,1
1500,432,1,2,1,1,1,1,1
1501,1905,1,2,1,1,1,1,1
1502,5637,1,2,1,1,1,1,2
1503,526,1,2,1,1,1,1,1
1504,4512,1,2,1,1,1,1,1
1505,7119,1,2,1,1,1,1,1
1506,3879,1,1,2,1,1,1,1
1507,682,1,2,1,1,1,1,1
1508,3387,1,2,1,1,1,1,1
1510,1026,1,1,2,1,1,1,1
1511,13197,1,1,2,1,1,2,2
1512,1726,1,2,1,1,1,1,1
1513,4681,1,2,1,1,1,2,1
1514,1766,1,2,1,1,1,1,1
1515,856,1,2,1,1,1,1,1
1516,658,1,1,2,1,1,1,1
1517,1430,1,1,2,1,1,1,1
1518,1294,1,2,1,1,1,1,1
1519,520,1,2,1,1,1,1,1
1520,1674,1,1,2,1,1,1,1
1521,893,1,2,1,1,1,2,1
1522,1691,1,1,2,1,1,1,1
1523,725,1,1,2,1,1,2,2
1524,1802,1,1,2,1,1,1,1
1525,4019,1,1,2,1,1,1,1
1526,988,1,2,1,1,1,1,1
1527,5271,1,2,1,1,1,1,1
1528,741,1,2,1,2,1,1,1
1529,2503,1,2,1,1,1,1,1
1530,3480,1,2,1,1,1,1,1
1531,3091,1,2,1,1,1,1,1
1532,3158,1,2,1,1,1,1,1
1533,3986,1,2,1,1,1,1,1
1534,4644,1,2,1,1,1,1,1
1535,1271,1,2,1,1,1,1,1
1536,2612,1,2,1,1,1,1,1
1537,842,1,2,1,1,1,1,1
1538,570,1,2,1,1,1,1,1
1539,1338,1,1,2,1,1,1,1
1540,915,1,2,1,2,1,1,2
1541,1010,1,1,2,1,1,1,1
1542,1900,1,2,1,1,1,1,1
1543,2709,1,2,1,1,1,1,1
1544,5234,1,2,1,1,1,1,1
1545,1238,1,1,2,1,1,1,1
1546,1035,1,1,2,1,1,1,1
1547,1060,1,2,1,1,1,1,1
1548,3453,1,2,1,1,1,1,1
1549,1060,1,2,1,1,1,1,1
1550,1480,1,2,1,1,1,1,1
1551,1643,1,1,2,1,1,1,2
1552,818,1,2,1,1,1,1,1
1553,3783,1,1,2,1,1,1,1
1554,2272,1,2,1,2,1,1,1
1555,307,1,2,1,1,1,1,1
1556,856,1,2,1,1,1,1,1
1557,1085,1,2,1,1,1,1,1
1558,1132,1,2,1,1,1,1,1
1559,2968,1,2,1,2,1,1,1
1560,6950,1,2,1,1,1,1,1
1561,1034,1,2,1,1,1,1,1
1562,396,1,1,2,1,1,1,1
1563,1581,1,1,2,1,1,1,1
1564,2465,1,2,1,2,1,1,1
1565,783,1,2,1,1,1,1,1
1566,681,1,2,1,1,1,1,1
1567,1200,1,2,1,1,1,1,1
1568,1350,1,2,1,1,1,1,1
1569,728,1,2,1,1,1,1,1
1570,8811,1,2,1,1,1,1,1
1571,2985,1,2,1,2,1,1,1
1572,2032,1,2,1,2,1,1,1
1573,1672,1,1,2,1,1,1,1
1574,1415,1,2,1,1,1,1,1
1575,2242,1,1,2,1,1,1,1
1576,6035,1,1,2,1,1,1,1
1577,4019,1,1,2,1,1,1,1
1578,6789,1,2,1,1,1,1,1
1579,5260,1,2,1,1,1,1,1
1580,5396,1,2,1,1,1,1,1
1581,1190,1,2,1,1,1,1,1
1582,3420,1,2,1,1,1,1,1
1583,1793,1,1,2,1,1,1,1
1584,1074,1,1,2,1,1,1,1
1585,1004,1,1,2,1,1,1,1
1586,875,1,1,2,1,1,1,1
1587,543,1,2,1,1,1,1,1
1588,1382,1,1,2,1,1,1,1
1589,455,1,1,2,1,1,1,1
1590,1268,1,2,1,1,1,1,1
1591,2078,1,2,1,1,1,1,1
1592,1023,1,2,1,1,1,1,1
1593,1356,1,2,1,1,1,1,1
1594,1160,1,2,1,1,1,1,1
1595,8138,1,2,1,1,1,1,1
1596,4106,1,2,1,1,1,1,1
1597,2914,1,2,1,1,1,1,1
1598,426,1,2,1,1,1,1,1
1599,2563,1,2,1,1,1,1,1
1600,13395,1,2,1,1,1,1,1
1601,4355,1,2,1,1,1,1,1
1602,767,1,2,1,1,1,1,1
1603,1399,1,2,1,1,1,1,1
1604,4819,1,1,2,1,1,1,1
1605,3559,1,1,2,1,1,1,1
1606,728,1,2,1,1,1,1,1
1607,3008,1,1,2,1,1,2,2
1608,1400,1,1,2,1,1,1,1
1609,1240,1,2,1,1,1,1,1
1610,1493,1,2,1,1,1,1,1
1611,1359,1,1,2,1,1,1,1
1612,6886,1,1,2,1,1,1,1
1613,6654,1,1,2,1,1,1,1
1614,3337,1,2,1,1,1,2,1
1615,1972,1,2,1,1,1,1,1
1616,4278,1,2,1,1,1,1,1
1617,6279,1,2,1,1,1,2,1
1618,1940,1,2,1,1,1,1,1
1619,1639,1,2,1,1,1,1,1
1620,1002,1,1,2,1,1,1,1
1621,1827,1,2,1,1,1,1,1
1622,2882,1,2,1,1,1,1,2
1623,5257,1,2,1,1,1,2,2
1624,5140,1,2,1,1,1,2,2
1625,3464,1,2,1,1,2,1,2
1626,2056,1,2,1,1,1,1,1
1627,1101,1,2,1,1,1,1,1
1628,875,1,2,1,1,1,1,1
1629,8044,1,2,1,1,1,1,1
1630,1446,1,2,1,1,1,1,1
1631,1438,1,2,1,1,1,2,1
1632,886,1,2,1,1,1,2,1
1633,5289,1,2,1,1,1,2,1
1634,6845,1,2,1,2,1,1,1
1635,3151,1,2,1,1,1,2,1
1636,7464,1,2,1,2,1,1,2
1637,4893,1,1,2,2,1,1,2
1638,754,1,2,1,1,1,1,1
1639,929,1,1,2,1,1,1,1
1640,718,1,2,1,1,1,1,1
1641,4542,1,2,1,1,1,1,1
1642,4427,1,2,1,2,1,1,1
1643,1840,1,2,1,1,1,1,1
1644,821,1,2,1,1,1,1,1
1645,1212,1,1,2,1,1,1,1
1646,639,1,2,1,1,1,1,1
1647,605,1,2,1,1,1,1,1
1648,759,1,1,2,1,1,1,1
1649,5664,1,2,1,1,1,1,1
1650,4254,1,2,1,1,1,1,1
1651,805,1,2,1,1,1,1,1
1652,1700,1,1,2,1,1,1,1
1653,1866,1,2,1,1,1,1,1
1654,1471,1,2,1,1,1,1,1
1655,3638,1,2,1,1,1,1,1
1656,981,1,2,1,1,1,1,1
1657,2712,1,1,2,1,1,2,2
1658,1211,1,2,1,1,1,1,1
1659,3267,1,2,1,1,1,1,1
1660,2424,1,2,1,1,1,1,1
1661,2391,1,1,2,1,1,1,2
1662,3196,1,2,1,1,1,1,1
1663,595,1,1,2,1,1,1,1
1664,841,1,2,1,1,1,1,1
1665,1457,1,2,1,1,1,1,1
1666,1437,1,2,1,1,1,1,1
1667,3392,1,2,1,1,1,1,1
1668,568,1,2,1,1,1,1,1
1669,1817,1,2,1,1,1,1,1
1670,2822,1,1,2,1,1,1,1
1671,3570,1,1,2,1,1,1,1
1672,4950,1,1,2,1,1,1,1
1673,487,1,1,2,1,1,2,1
1674,2045,1,2,1,1,1,1,1
1675,2875,1,2,1,1,1,1,1
1676,506,1,2,1,1,1,1,1
1677,846,1,2,1,1,1,1,1
1678,2029,1,2,1,1,1,1,1
1679,1156,1,2,1,1,1,1,1
1680,1640,1,2,1,1,1,1,1
1681,1689,1,2,1,1,1,1,1
1682,3088,1,2,1,1,1,1,1
1683,471,1,2,1,1,1,1,1
1684,869,1,2,1,1,1,1,1
1685,1623,1,2,1,1,1,1,1
1686,3468,1,2,1,1,1,1,1
1687,1326,1,2,1,1,1,1,1
1688,1395,1,2,1,1,1,1,1
1689,1456,1,2,1,1,1,1,2
1690,1254,1,2,1,1,1,1,1
1691,792,1,2,1,2,1,1,1
1692,1709,1,2,1,1,1,1,2
1693,5645,1,2,1,1,1,1,1
1694,3437,1,2,1,1,1,1,1
1695,802,1,2,1,1,1,1,1
1697,371,1,1,2,1,1,1,1
1698,1030,1,1,2,1,1,1,1
1699,1369,1,2,1,1,1,1,1
1700,967,1,2,1,1,1,1,1
1701,1680,1,2,1,2,1,1,1
1702,1100,1,1,2,1,1,1,2
1703,3110,1,1,2,1,1,1,1
1704,1189,1,1,2,1,1,1,1
1705,2146,1,1,2,1,1,1,1
1706,1684,1,2,1,1,1,1,1
1707,1920,1,2,1,1,1,1,1
1708,2178,1,2,1,1,1,1,1
1709,3468,1,2,1,1,1,1,1
1710,1801,1,2,1,1,1,1,1
1711,3573,1,2,1,1,1,1,1
1712,1603,1,1,2,1,1,1,1
1713,2565,1,2,1,1,1,1,1
1714,1739,1,1,2,1,1,1,1
1715,664,1,1,2,1,1,1,1
1716,479,1,1,2,1,1,1,1
1717,699,1,1,2,1,1,1,1
1718,1142,1,2,1,1,1,1,1
1719,723,1,2,1,1,1,1,1
1720,1749,1,2,1,1,1,1,1
1721,901,1,2,1,1,1,1,1
1722,1580,1,1,2,1,1,2,2
1723,992,1,1,2,1,1,2,2
1724,950,1,2,1,2,1,1,1
1725,4323,1,2,1,1,1,1,1
1726,2162,1,2,1,1,1,1,1
1727,4906,1,2,1,2,1,1,1
1728,5227,1,2,1,1,1,1,1
1729,4674,1,2,1,2,1,1,1
1730,396,1,2,1,2,1,1,1
1731,2433,1,1,2,1,1,1,1
1732,3050,1,1,2,1,1,1,1
1733,5061,1,2,1,2,1,1,1
1734,1993,1,2,1,1,1,1,1
1735,1840,1,2,1,1,1,1,1
1736,2480,1,1,2,1,1,1,1
1737,2468,1,2,1,1,1,1,1
1738,1028,1,2,1,1,1,1,1
1739,1084,1,1,2,1,1,2,1
1740,1644,1,2,1,1,1,1,1
1741,1785,1,2,1,1,1,1,1
1742,3019,1,2,1,1,1,1,1
1743,4067,1,1,2,1,1,1,1
1744,345,1,2,1,2,1,1,1
1745,1133,1,1,2,1,1,1,1
1746,500,1,2,1,2,1,1,1
1747,4902,1,1,2,1,1,1,1
1748,959,1,2,1,1,1,1,1
1749,797,1,2,1,1,1,1,1
1750,1413,1,2,1,1,1,1,1
1751,1602,1,1,2,1,1,1,1
1752,2433,1,1,2,1,1,1,1
1753,584,1,2,1,1,1,1,1
1754,2729,1,2,1,1,1,1,1
1755,442,1,2,1,1,1,1,1
1756,3540,1,2,1,1,1,1,1
1757,1313,1,1,2,1,1,1,1
1758,4914,1,1,2,1,1,1,1
1759,1685,1,2,1,1,1,1,1
1760,6427,1,2,1,1,1,1,1
1761,998,1,2,1,1,1,1,1
1762,1301,1,2,1,1,1,1,1
1763,353,1,2,1,1,1,1,1
1764,750,1,2,1,1,1,1,1
1765,2312,1,2,1,1,1,1,1
1766,2194,1,2,1,1,1,1,1
1767,4679,1,1,2,1,1,1,1
1768,7081,1,2,1,1,1,1,1
1769,1154,1,2,1,1,1,1,1
1770,3202,1,2,1,1,1,1,1
1771,1155,1,2,1,1,1,1,1
1772,959,1,2,1,1,1,1,1
1773,596,1,2,1,1,1,1,1
1774,1459,1,2,1,1,1,1,1
1775,506,1,1,2,1,1,1,1
1776,1771,1,2,1,2,1,1,1
1777,4116,1,2,1,2,1,1,1
1778,1399,1,2,1,1,1,1,1
1779,791,1,1,2,1,1,1,2
1780,550,1,1,2,1,1,1,1
1781,476,1,1,2,1,1,1,1
1782,521,1,2,1,1,1,1,1
1783,2526,1,2,1,1,1,1,1
1784,376,1,2,1,1,1,1,1
1785,1201,1,2,1,1,1,1,1
1786,691,1,2,1,1,1,1,1
1787,967,1,1,2,1,1,1,1
1788,2994,1,1,2,1,1,1,1
1789,798,1,1,2,1,1,1,1
1790,2950,1,1,2,1,1,1,1
1791,919,1,1,2,1,1,1,2
1792,1703,1,1,2,1,1,1,1
1793,1068,1,1,2,1,1,1,1
1794,1535,1,1,2,1,1,1,1
1795,1708,1,2,1,1,1,1,1
1796,1044,1,1,2,1,1,1,1
1797,776,1,1,2,1,1,1,1
1798,1169,1,2,1,1,1,1,1
1799,2268,1,2,1,1,1,1,1
1800,1543,1,2,1,1,1,1,1
1802,406,1,1,2,1,1,1,1
1803,506,1,2,1,1,1,2,1
1804,1348,2,1,2,1,1,1,2
1805,636,1,2,1,2,1,1,1
1806,707,1,1,2,1,1,1,1
1807,1530,1,1,2,1,1,1,1
1808,1435,1,2,1,1,1,1,1
1809,1617,1,2,1,1,1,1,1
1810,2317,1,2,1,1,1,1,1
1811,3833,1,2,1,1,1,1,1
1812,1157,1,1,2,1,1,1,1
1813,1491,1,1,2,1,1,1,1
1814,391,1,2,1,1,1,1,1
1815,1295,1,1,2,1,1,1,1
1816,1539,1,2,1,1,1,1,2
1817,800,1,2,1,1,1,1,2
1818,978,1,2,1,1,1,1,1
1819,977,1,1,2,1,1,1,1
1820,1776,1,1,2,1,1,1,1
1821,1250,1,1,2,1,1,1,1
1822,2877,1,2,1,1,1,1,1
1823,1827,1,2,1,1,1,1,1
1824,1359,1,2,1,1,1,1,1
1825,525,1,2,1,2,1,1,1
1826,2293,1,2,1,1,1,1,1
1827,678,1,1,2,1,1,1,1
1828,1359,1,2,1,1,1,1,1
1829,1470,1,2,1,1,1,1,1
1830,2641,1,2,1,1,1,1,1
1831,618,1,1,2,1,1,1,1
1832,592,1,2,1,1,1,1,1
1833,4758,1,2,1,1,1,1,1
1834,762,1,2,1,1,1,1,1
1835,1036,1,2,1,1,1,1,1
1836,1045,1,2,1,2,1,1,1
1837,994,1,1,2,1,1,1,1
1838,1453,1,1,2,1,1,1,1
1839,1618,1,2,1,1,1,1,1
1840,2466,1,2,1,1,1,1,1
1841,2161,1,2,1,1,1,1,1
1842,3236,1,2,1,1,1,1,1
1843,1397,1,1,2,1,1,1,1
1844,1287,1,2,1,1,1,1,1
1845,2821,1,2,1,1,1,1,1
1846,1147,1,2,1,1,1,1,1
1847,826,1,2,1,1,1,1,1
1848,2603,1,2,1,1,1,1,1
1849,906,1,1,2,1,1,1,1
1850,766,1,2,1,1,1,1,1
1851,928,1,2,1,1,1,1,2
1852,1489,1,2,1,1,1,1,1
1853,717,1,2,1,1,1,1,1
1854,1139,1,2,1,1,1,1,1
1855,3613,1,2,1,1,1,1,1
1856,1602,1,2,1,1,1,1,1
1857,1385,1,2,1,1,1,1,1
1858,1334,1,2,1,1,1,1,1
1859,981,1,1,2,1,1,2,2
1860,872,1,1,2,1,1,1,1
1861,478,1,1,2,1,1,1,1
1862,488,1,1,2,2,1,1,2
1863,1167,1,1,2,1,1,1,1
1864,3841,1,1,2,1,1,1,1
1865,844,1,1,2,1,1,1,1
1866,2293,1,2,1,1,1,1,1
1867,6056,1,2,1,1,1,1,1
1868,1014,1,2,1,1,1,1,1
1869,2257,1,2,1,1,1,1,1
1870,781,1,2,1,1,1,1,1
1871,706,1,2,1,1,1,1,1
1872,791,1,2,1,1,1,1,1
1873,675,1,1,2,1,1,1,1
1874,994,1,2,1,2,1,1,1
1875,2715,1,1,2,1,1,1,1
1876,613,1,2,1,1,1,1,1
1877,4164,1,2,1,1,1,1,1
1878,7705,1,1,2,1,1,1,1
1879,1523,1,1,2,1,1,1,1
1880,762,1,1,2,1,1,1,1
1881,588,1,1,2,1,1,1,1
1882,3290,1,1,2,1,1,1,1
1884,4757,1,2,1,2,1,1,1
1885,1062,1,2,1,1,1,1,1
1886,2747,1,2,1,1,1,1,1
1887,1067,1,2,1,1,1,1,1
1888,618,1,2,1,1,1,1,1
1889,1417,1,1,2,1,1,2,2
1890,1311,1,1,2,1,1,1,1
1891,1546,1,1,2,1,1,1,1
1892,786,1,2,1,1,1,1,1
1893,1842,1,1,2,1,1,1,2
1894,712,1,2,1,1,1,1,1
1895,524,1,1,2,1,1,1,1
1896,869,1,2,1,1,1,1,1
1897,919,1,2,1,1,1,1,1
1898,448,1,1,2,1,1,1,2
1899,636,1,1,2,1,1,1,1
1900,1492,1,2,1,1,1,1,1
1901,345,1,2,1,1,1,1,1
1902,1355,1,2,1,1,1,1,1
1903,3635,1,2,1,1,1,1,1
1904,1678,1,2,1,1,1,1,1
1905,4509,1,2,1,1,1,1,1
1906,1509,1,2,1,1,1,1,1
1907,996,1,2,1,1,1,1,1
1908,2024,1,2,1,1,1,1,1
1909,2347,1,2,1,1,1,1,1
1910,544,1,2,1,1,1,1,1
1911,1716,1,2,1,1,1,1,1
1912,1982,1,1,2,1,1,1,1
1913,2621,1,1,2,1,1,1,1
1914,2261,1,1,2,1,1,1,1
1915,4066,1,1,2,1,1,1,1
1916,2689,1,2,1,1,1,1,1
1917,1578,1,2,1,1,1,1,1
1918,1118,1,2,1,1,1,1,1
1919,1215,1,2,1,1,1,1,1
1920,655,1,2,1,1,1,1,1
1921,1927,1,2,1,1,1,1,1
1922,578,1,2,1,1,1,1,1
1923,1207,1,1,2,1,1,1,1
1924,3188,1,1,2,1,1,1,1
1925,1034,1,2,1,1,1,1,1
1926,635,1,1,2,1,1,1,1
1927,938,1,1,2,1,1,1,1
1928,685,1,1,2,1,1,1,1
1929,1321,1,2,1,1,1,2,1
1930,10304,1,2,1,1,1,1,1
1931,458,1,2,1,1,1,2,1
1932,6384,1,2,1,1,1,1,1
1933,1443,1,1,2,1,1,1,1
1934,878,1,2,1,2,1,1,1
1935,725,1,2,1,1,1,1,1
1936,1815,1,2,1,1,1,1,1
1937,523,1,2,1,1,1,1,1
1938,1540,1,2,1,1,1,1,1
1939,2829,1,2,1,1,1,1,1
1940,2781,1,2,1,1,1,1,1
1941,1939,1,1,2,1,1,1,1
1942,919,1,2,1,1,1,1,1
1943,603,1,2,1,1,1,1,1
1944,1783,1,2,1,1,1,1,1
1945,2808,1,2,1,1,1,1,1
1946,1692,1,2,1,1,1,1,1
1947,1328,1,2,1,1,1,1,1
1948,949,1,2,1,1,1,1,1
1949,487,1,2,1,2,1,1,1
1950,3684,1,2,1,1,1,1,1
1951,319,1,1,2,1,1,1,1
1952,1717,1,2,1,1,1,1,1
1953,394,1,2,1,1,1,1,1
1954,1975,1,1,2,1,1,1,1
1955,594,1,1,2,1,1,1,1
1956,6553,1,2,1,1,1,1,1
1957,3095,1,2,1,1,1,1,1
1958,740,1,2,1,1,1,1,1
1959,615,1,1,2,1,1,1,1
1960,2616,1,2,1,1,1,1,1
8888,2612191,1,1,1,1,1,1,1
9999,342940,1,1,1,1,1,1,1
